zip,new_tenure,avg_contract_value,distance_in_miles,population_current,gender_male,age_median,race_white,crime_overall,households_total,households_value,households_yearbuilt,households_occupancy_owned,income_average,income_median,costs_overall,P1,P2,Rank1,N1,N2,Rank2,Symbol,city,state
20105,412.9163,402.8765,7.325388,10461,49.57,33,60.17,12,3367,574417,1998,87.41,146090,144895,116,0.648452,0.120219,3,0.042515,0.038724,0.057507,VA,Aldie,Virginia
20106,73,546,21,5333,50.07,45,93.35,79,1929,411574,1986,88.7,113019,97193,115,0.008197,0.974499,2,0.007516,0.052481,0.053017,VA,Amissville,Virginia
20109,216,405.1364,8.674773,41439,50.38,31,47.5,65,14181,298461,1984,46.36,87025,72816,93,0.078324,0.138434,1,0.02224,0.038941,0.044845,VA,Manassas,Virginia
20110,287.9863,417.3429,9.526427,47206,49.74,33,63.84,43,15275,323014,1982,66.9,101152,90521,97,0.202186,0.23133,3,0.029652,0.040115,0.049884,VA,Manassas,Virginia
20111,320.2656,443.0521,9.400104,32899,51.03,33,58.43,73,10093,346907,1982,69.38,103530,92341,94,0.269581,0.588342,3,0.032975,0.042586,0.05386,VA,Manassas,Virginia
20112,407.1093,440.5995,13.92709,27444,50.53,39,75.14,51,8535,493529,1989,92.72,152422,147697,109,0.624772,0.553734,4,0.041917,0.04235,0.059587,VA,Manassas,Virginia
20115,203,356,11.86,5603,49.21,45,88.01,77,2164,476566,1975,74.53,120874,76625,113,0.066485,0.032787,1,0.020901,0.034218,0.040097,VA,Marshall,Virginia
20119,571.9375,456,17.48,4633,50.61,42,87.6,106,1598,399324,1970,78.2,126121,108253,111,0.919854,0.714936,4,0.058888,0.04383,0.073409,VA,Catlett,Virginia
20120,306.7268,422.7135,2.732303,39935,49.15,36,57.08,55,13552,464643,1989,75.51,145116,115387,116,0.242259,0.296903,3,0.031581,0.040631,0.051461,VA,Centreville,Virginia
20121,267.8248,433.3549,4.313549,28943,49.47,32,49.3,59,10211,373675,1989,65.05,113771,95173,113,0.174863,0.435337,2,0.027576,0.041654,0.049955,VA,Centreville,Virginia
20124,318.1788,435.8953,4.592965,15838,48.92,42,75.35,54,5219,697326,1987,92.4,200139,170970,122,0.260474,0.466302,3,0.03276,0.041898,0.053185,VA,Clifton,Virginia
20132,411.7397,429.9315,22.60404,17150,49.12,38,87.85,54,5603,537439,1993,83.03,141575,124567,111,0.64663,0.387978,3,0.042394,0.041325,0.059203,VA,Purcellville,Virginia
20136,387.9245,422.3049,11.44607,26011,49.73,31,66.9,18,7500,433399,2000,89.11,142497,129211,102,0.555556,0.289617,3,0.039942,0.040592,0.056947,VA,Bristow,Virginia
20137,917,492,15.545,2322,48.83,45,90.5,71,861,525806,1986,89.45,159847,125507,126,0.98725,0.89071,5,0.094417,0.047291,0.105598,VA,Broad Run,Virginia
20141,395.3775,410.9799,24.63906,5604,49.65,38,88.8,52,1805,530033,1993,88.17,134322,128543,112,0.581056,0.169399,3,0.040709,0.039503,0.056725,VA,Round Hill,Virginia
20143,624.9,525.8,6.828,1545,51.03,43,83.85,59,489,648811,1983,93.19,195513,146755,111,0.952641,0.95082,5,0.064341,0.05054,0.081817,VA,Catharpin,Virginia
20147,414.1657,413.4385,11.23638,52857,48.52,35,66.93,26,18594,488403,1997,72.13,140913,123790,120,0.650273,0.193078,3,0.042643,0.039739,0.05829,VA,Ashburn,Virginia
20148,419.2391,390.6746,8.697864,27364,49.37,31,58.75,5,8450,566275,2002,81.47,153569,144476,116,0.668488,0.096539,3,0.043166,0.037551,0.057214,VA,Ashburn,Virginia
20151,364.6805,410.7915,1.562719,23682,49.78,36,55,61,7392,459832,1986,81.63,139644,122268,108,0.428051,0.167577,3,0.037548,0.039485,0.054488,VA,Chantilly,Virginia
20152,422.2754,402.9531,4.563455,27528,48.98,32,54.65,7,8389,537974,2000,86.98,151394,135543,113,0.684882,0.12204,3,0.043478,0.038732,0.058228,VA,Chantilly,Virginia
20155,406.5676,421.0439,11.13201,30381,49.04,37,67.13,27,10221,456538,2000,85.66,136180,123033,114,0.621129,0.273224,3,0.041861,0.04047,0.058226,VA,Gainesville,Virginia
20158,675.4412,447.1765,19.99647,4661,49.46,40,88.94,53,1568,570866,1982,87.51,147572,122378,114,0.967213,0.630237,4,0.069545,0.042982,0.081756,VA,Hamilton,Virginia
20164,383.8889,432.8025,9.59037,41868,51.06,34,52.11,62,13386,358747,1980,72.81,106380,92571,101,0.526412,0.431694,3,0.039526,0.041601,0.057384,VA,Sterling,Virginia
20165,384.2816,423.9556,11.72372,33138,48.84,37,71.51,34,11724,475018,1992,77.18,149488,131312,124,0.528233,0.313297,3,0.039567,0.04075,0.056799,VA,Sterling,Virginia
20166,371.1315,396.2069,7.086293,13834,49.57,33,44.08,27,4775,467936,2000,58.79,125416,103361,115,0.482696,0.105647,3,0.038213,0.038083,0.053949,VA,Sterling,Virginia
20169,485.6038,422.075,11.70625,21175,49.7,39,75.09,26,6920,524881,1997,90.97,149531,141508,116,0.832423,0.285974,3,0.049999,0.04057,0.064388,VA,Haymarket,Virginia
20170,498.4814,443.8772,7.69364,42530,51.37,35,54.98,31,13728,464049,1984,65.71,138425,111940,106,0.846995,0.599271,4,0.051325,0.042665,0.066742,VA,Herndon,Virginia
20171,439.9346,407.7267,3.974748,46868,49.62,36,55.05,32,16570,571895,1992,65.34,157765,139205,125,0.735883,0.149362,3,0.045297,0.03919,0.059897,VA,Herndon,Virginia
20175,374.6136,424.405,14.86661,33450,49.38,35,74.51,51,11417,506784,1991,73.56,135530,119306,112,0.497268,0.320583,3,0.038571,0.040794,0.056141,VA,Leesburg,Virginia
20176,434.9722,422.7085,16.6417,47230,48.85,36,69.17,32,15894,535380,1995,72.65,137008,120561,112,0.721311,0.295082,3,0.044786,0.04063,0.06047,VA,Leesburg,Virginia
20180,418.3679,423.2,28.88529,6598,49.48,41,92.01,60,2264,498536,1985,86.74,150578,120474,118,0.663024,0.302368,3,0.043076,0.040678,0.059247,VA,Lovettsville,Virginia
20181,507.5,423.3243,13.08865,10987,49.54,41,83.88,59,3684,458748,1984,88.87,128294,110199,111,0.857923,0.307832,3,0.052253,0.04069,0.066227,VA,Nokesville,Virginia
20186,330.5,358.25,23.26,12776,47.75,42,82.9,96,4814,412529,1978,69.7,110538,92133,112,0.304189,0.058288,3,0.034029,0.034435,0.048412,VA,Warrenton,Virginia
20187,387.888,420.2638,17.01883,16752,48.71,41,87.66,73,5787,395254,1984,81.58,121412,106446,112,0.553734,0.253188,3,0.039938,0.040395,0.056805,VA,Warrenton,Virginia
20190,660.4286,420.5714,8.167143,17903,47.62,38,66.22,91,8810,394001,1981,51.95,116789,94886,150,0.96357,0.262295,3,0.067999,0.040425,0.079108,VA,Reston,Virginia
20191,526.5753,413.012,5.757711,29525,48.39,39,64.39,84,11733,468469,1977,71.43,118453,109874,126,0.872495,0.182149,3,0.054217,0.039698,0.067197,VA,Reston,Virginia
20194,421.7791,412.2326,8.577209,13016,47.31,39,77.5,72,5543,581321,1989,70.35,157488,136707,146,0.68306,0.180328,3,0.043427,0.039624,0.058787,VA,Reston,Virginia
22003,471.2024,462.873,12.63373,57368,48.96,40,53.71,89,19740,476594,1968,67.57,120022,101615,110,0.786885,0.754098,4,0.048516,0.044491,0.065828,VA,Annandale,Virginia
22015,464.8292,442.4824,11.08553,43178,48.14,39,65.38,61,14829,479424,1979,82.2,139140,123762,118,0.774135,0.581056,4,0.04786,0.042531,0.064027,VA,Burke,Virginia
22025,309.6178,411.6812,19.96232,16314,48.46,41,65.39,48,5671,383076,1992,88.41,138804,124850,115,0.245902,0.174863,3,0.031879,0.039571,0.050814,VA,Dumfries,Virginia
22026,334.9304,409.9348,22.67739,15798,48.03,31,31.65,89,5024,314189,1989,61.65,93448,76560,82,0.318761,0.15847,3,0.034485,0.039403,0.052362,VA,Dumfries,Virginia
22027,474.2331,436.1864,11.99034,3276,49.31,37,59.52,84,1214,725580,1984,69.52,160589,167745,136,0.803279,0.473588,3,0.048828,0.041926,0.064358,VA,Dunn Loring,Virginia
22030,435.1584,435.5432,6.14893,53993,49.97,36,61.17,50,18399,536707,1982,60.37,125791,110599,110,0.723133,0.459016,3,0.044805,0.041864,0.06132,VA,Fairfax,Virginia
22031,373.02,421.29,9.7149,30699,49.67,37,55.33,74,11787,513178,1978,53.29,136019,109955,126,0.489982,0.278689,3,0.038407,0.040494,0.055811,VA,Fairfax,Virginia
22032,468.3338,441.2747,9.478407,31393,48.94,40,68.57,58,10193,513192,1974,86.67,144576,128404,114,0.783242,0.564663,4,0.048221,0.042415,0.064221,VA,Fairfax,Virginia
22033,373.021,405.979,2.876923,37643,48.49,35,59.32,65,15419,463741,1988,61.96,120240,107741,134,0.491803,0.142077,3,0.038407,0.039022,0.054753,VA,Fairfax,Virginia
22039,498.472,442.3224,12.53816,18936,49.24,46,79.15,45,6188,808021,1986,95.79,221975,192810,123,0.845173,0.579235,4,0.051324,0.042516,0.066646,VA,Fairfax Station,Virginia
22042,472.7959,482.3673,13.79449,34525,49.91,36,52.78,97,12365,444958,1964,63.14,116140,96477,113,0.795993,0.834244,4,0.04868,0.046365,0.067227,VA,Falls Church,Virginia
22043,420.7965,395.6279,13.42279,26022,49.34,36,61.44,77,10032,531272,1971,57.41,125418,110510,126,0.675774,0.102004,3,0.043326,0.038027,0.057648,VA,Falls Church,Virginia
22044,409.5208,460.75,15.49917,13530,51.25,37,54.63,89,5240,518083,1963,47.6,109248,86582,114,0.635701,0.739526,4,0.042165,0.044287,0.061149,VA,Falls Church,Virginia
22046,555.7917,477,16.13667,17133,49.81,38,75.41,70,6791,565506,1962,62.38,129488,111372,126,0.901639,0.823315,5,0.057226,0.045849,0.073327,VA,Falls Church,Virginia
22066,578.1518,444,10.68482,18324,49.51,44,77,55,5900,922458,1981,93.82,256965,194106,121,0.92714,0.601093,4,0.059528,0.042677,0.073245,VA,Great Falls,Virginia
22079,375.7225,414.7251,16.77863,33497,47.84,36,44.82,50,11513,467594,1990,68.75,118370,100404,106,0.500911,0.20765,3,0.038685,0.039863,0.055548,VA,Lorton,Virginia
22101,477.3618,471.3684,14.63632,30856,47.5,45,78.11,78,11206,857050,1968,82.4,223801,172986,130,0.814208,0.801457,5,0.04915,0.045308,0.066847,VA,McLean,Virginia
22102,525.5313,429.9688,12.37094,21942,47.33,40,63.98,92,9685,691317,1980,55.17,186497,133853,145,0.868852,0.3898,3,0.05411,0.041328,0.068088,VA,McLean,Virginia
22124,429.184,415.7358,6.843396,18495,48.38,42,76.22,54,6900,668897,1983,85.22,192019,160842,133,0.699454,0.214936,3,0.04419,0.03996,0.059578,VA,Oakton,Virginia
22125,189,396.75,17.155,355,45.31,48,69.12,106,181,292163,1979,58.11,96824,86342,144,0.055556,0.10929,1,0.01946,0.038135,0.042813,VA,Occoquan,Virginia
22134,248,405,26.12,5369,55.93,24,68.21,55,1429,407678,1993,12.79,78617,64167,69,0.139344,0.132969,1,0.025535,0.038928,0.046556,VA,Quantico,Virginia
22150,434.9414,427.1094,15.45813,28007,49.44,39,45.84,77,9413,411743,1977,58.81,113118,85683,103,0.71949,0.351548,3,0.044783,0.041053,0.060753,VA,Springfield,Virginia
22151,488.3393,488.8571,13.90071,17856,50.04,39,57.17,74,5913,438244,1965,80.1,123956,101658,110,0.836066,0.874317,5,0.050281,0.046989,0.068819,VA,Springfield,Virginia
22152,405.3839,446.7008,13.78992,28646,47.65,39,64.62,51,10372,437777,1973,81.52,133897,115527,122,0.613843,0.622951,4,0.041739,0.042937,0.059881,VA,Springfield,Virginia
22153,349.8394,428.4032,14.93828,32047,48.91,39,64.75,56,10773,484102,1980,85.04,150674,138607,117,0.377049,0.367942,3,0.03602,0.041178,0.054709,VA,Springfield,Virginia
22172,299.5342,418.0119,24.28827,10971,50.44,31,40.85,88,3519,361584,1981,52.63,92541,84431,83,0.229508,0.236794,3,0.030841,0.040179,0.050651,VA,Triangle,Virginia
22180,356.75,434.9145,10.19906,22980,49.53,40,70,24,8279,584823,1967,75.83,144121,126631,123,0.395264,0.446266,3,0.036732,0.041804,0.055649,VA,Vienna,Virginia
22181,478.0382,438.7294,8.485529,15196,48.91,41,73.72,67,5481,678187,1979,78.9,183632,158383,129,0.819672,0.51184,4,0.04922,0.04217,0.064815,VA,Vienna,Virginia
22182,439.3631,439.2381,10.53226,25346,48.87,42,72.04,69,8765,746009,1982,82.49,202876,164952,126,0.73224,0.526412,4,0.045238,0.042219,0.061878,VA,Vienna,Virginia
22191,319.7595,415.8095,21.07184,58920,49.87,32,39.38,66,19251,324357,1985,60.51,98268,84782,91,0.265938,0.216758,3,0.032923,0.039967,0.051782,VA,Woodbridge,Virginia
22192,403.9191,428.5098,15.49206,57324,48.02,36,57.87,58,20680,352886,1984,73.13,121140,106884,111,0.604736,0.371585,3,0.041588,0.041188,0.058533,VA,Woodbridge,Virginia
22193,350.928,424.5312,17.84256,77223,49.11,33,44.23,48,23594,317256,1984,76.9,116505,97596,91,0.378871,0.324226,3,0.036132,0.040806,0.054504,VA,Woodbridge,Virginia
22201,561,509,19.09,36501,50.48,32,77.8,77,19401,625085,1977,33.12,127764,114196,166,0.907104,0.935337,5,0.057762,0.048925,0.075697,VA,Arlington,Virginia
22202,567.5,491.5,20.49,24038,49.16,37,72.6,91,13974,576660,1977,20.13,114756,103476,173,0.91439,0.888889,5,0.058431,0.047243,0.07514,VA,Arlington,Virginia
22203,359,514.75,16.4775,22112,50.54,34,69.34,78,11352,509667,1975,32.71,112523,96402,150,0.408015,0.938069,3,0.036964,0.049477,0.06176,VA,Arlington,Virginia
22205,608.2115,453.9231,16.45885,18353,50.06,38,83.29,89,6979,687925,1953,72.32,160079,142552,130,0.947177,0.704918,4,0.062623,0.043631,0.076323,VA,Arlington,Virginia
22206,395.5,485.5,21.295,19386,45.38,34,69.45,57,10330,403895,1968,46.15,113920,101325,160,0.58561,0.870674,4,0.040722,0.046666,0.061935,VA,Arlington,Virginia
22207,733.75,463.2333,17.068,31996,48.38,40,84.13,76,11645,795882,1955,78.93,197732,163238,126,0.976321,0.75592,4,0.075549,0.044526,0.087693,VA,Arlington,Virginia
22209,938,627,19.55,12823,51.2,32,68.96,100,7692,496590,1975,27.44,104773,88735,173,0.989071,0.997268,5,0.096579,0.060267,0.11384,VA,Arlington,Virginia
22213,882.125,462,15.21,3041,49.08,39,84.22,87,1127,697449,1963,81.83,184540,155563,131,0.981785,0.748634,4,0.090826,0.044407,0.1011,VA,Arlington,Virginia
22301,657.1818,494.7273,20.95636,11800,47.62,38,82.24,68,5137,646923,1946,64.75,149335,120958,139,0.961749,0.897996,5,0.067665,0.047553,0.082703,VA,Alexandria,Virginia
22302,417.7727,477.3182,20.07909,14924,46.56,39,76.58,59,7111,535303,1962,60.97,135534,114670,147,0.659381,0.825137,4,0.043015,0.045879,0.06289,VA,Alexandria,Virginia
22303,196.9091,413.7273,20.87727,13163,51.27,37,58.85,81,6531,356932,1969,44.05,98768,83850,140,0.060109,0.200364,2,0.020274,0.039767,0.044637,VA,Alexandria,Virginia
22304,243,483.8333,18.08167,46873,46.59,37,51.15,66,23325,418317,1974,39.87,98174,83434,134,0.129326,0.837887,2,0.02502,0.046506,0.052809,VA,Alexandria,Virginia
22305,316.85,492.3,20.588,17270,51.37,34,56.19,66,7262,515493,1966,38.96,107907,90119,115,0.255009,0.894353,3,0.032624,0.04732,0.057476,VA,Alexandria,Virginia
22306,324.3633,427.72,21.21187,32699,48.55,34,44.01,89,11827,385518,1972,47.98,92706,73440,95,0.282332,0.357013,3,0.033397,0.041112,0.052968,VA,Alexandria,Virginia
22307,460.4653,437.8333,21.93917,10073,46.57,44,82.8,95,4593,534453,1956,76.26,159744,119365,145,0.766849,0.497268,3,0.047411,0.042084,0.063394,VA,Alexandria,Virginia
22308,464.8295,471.3488,22.9938,12603,47.68,45,90.18,75,4588,629961,1961,89.91,167251,154444,129,0.775956,0.799636,4,0.04786,0.045306,0.065903,VA,Alexandria,Virginia
22309,501.7109,449.6369,21.76229,33837,49.19,36,45.37,88,11769,447138,1973,62.39,111235,92757,99,0.848816,0.650273,4,0.051657,0.043219,0.067352,VA,Alexandria,Virginia
22310,390.2891,418.8438,19.18,29890,48.61,38,61.8,75,11434,425301,1975,74.68,129534,109498,123,0.559199,0.240437,3,0.040185,0.040259,0.056883,VA,Alexandria,Virginia
22311,518.3333,487.5556,17.20889,18107,49.42,35,44.69,61,8415,488393,1972,17.6,90563,75419,119,0.861566,0.872495,5,0.053369,0.046864,0.071024,VA,Alexandria,Virginia
22312,387.3,439.8,16.29,31585,49.18,36,42.82,80,11726,415527,1971,50.95,99181,80277,104,0.54827,0.535519,4,0.039877,0.042273,0.058114,VA,Alexandria,Virginia
22314,183.2,403.6,21.977,29324,48.02,40,72.95,92,15842,669110,1971,45.6,140951,112675,162,0.052823,0.123862,1,0.018863,0.038794,0.043136,VA,Alexandria,Virginia
22315,411.6929,421.9571,18.09286,27399,47.04,38,61.69,70,11055,437305,1988,71.2,135960,112053,130,0.644809,0.284153,3,0.042389,0.040558,0.058667,VA,Alexandria,Virginia
22350,223,357,19.04,2181,51.6,30,45.25,81,944,299543,1991,4.68,80807,69460,109,0.107468,0.051002,1,0.022961,0.034315,0.041288,VA,Alexandria,Virginia
22401,329.8115,396.4426,40.43672,24611,46,32,63.16,118,9820,348235,1968,38.45,73813,49403,95,0.302368,0.107468,3,0.033958,0.038106,0.051041,VA,Fredericksburg,Virginia
22405,437.406,413.4823,38.57106,30446,49.82,39,79.65,90,10652,305694,1985,79.82,102965,93434,107,0.730419,0.1949,3,0.045036,0.039744,0.060065,VA,Fredericksburg,Virginia
22406,435.766,421.564,36.08541,22545,50.51,36,69.33,76,7399,364696,1994,68.1,103348,93134,97,0.724954,0.28051,3,0.044868,0.04052,0.060457,VA,Fredericksburg,Virginia
22407,339.6881,426.7119,43.31712,59386,47.86,36,68.57,43,20255,310444,1989,70.45,97056,85632,99,0.344262,0.342441,3,0.034975,0.041015,0.053903,VA,Fredericksburg,Virginia
22408,293.8593,410.6583,43.7403,27949,47.83,36,71.69,56,9594,281650,1991,80.53,99267,84804,101,0.216758,0.163934,3,0.030256,0.039472,0.049734,VA,Fredericksburg,Virginia
22485,456.25,509,39.74,24044,50.94,38,76.8,123,8591,302632,1986,81.15,98273,84457,104,0.756831,0.935337,4,0.046977,0.048925,0.067826,VA,King George,Virginia
22508,733.1029,480.2941,40.32176,12627,48.75,44,85.36,52,4880,298019,1992,86.54,91278,77341,114,0.974499,0.832423,5,0.075482,0.046166,0.08848,VA,Locust Grove,Virginia
22509,365,485,42.87,71,51.95,44,42.67,147,28,170033,1980,81.97,69551,50121,90,0.443534,0.854281,3,0.037581,0.046618,0.05988,VA,Loretto,Virginia
22551,580.4783,428.4348,44.17174,20137,49.44,40,83.1,73,6982,261775,1986,84.34,90532,77006,101,0.928962,0.369763,3,0.059767,0.041181,0.072581,VA,Spotsylvania,Virginia
22553,419.1543,424.5957,45.25319,12863,48.85,38,79.96,46,4218,359361,1991,84.87,105224,98089,101,0.666667,0.326047,3,0.043157,0.040812,0.059398,VA,Spotsylvania,Virginia
22554,348.2763,419.612,30.1551,51504,49.81,34,67.04,62,16603,362049,1992,73.14,121967,109320,101,0.364299,0.249545,3,0.035859,0.040333,0.053969,VA,Stafford,Virginia
22556,461.6218,436.5325,28.3574,28349,51.49,34,70.55,73,8547,368748,1992,81.55,119433,109405,95,0.770492,0.477231,3,0.04753,0.041959,0.063401,VA,Stafford,Virginia
22611,966,276,16.99,9127,48.4,44,89.89,111,3500,395388,1968,72.37,99244,82875,113,0.998179,0.006375,3,0.099462,0.026529,0.102939,VA,Berryville,Virginia
22709,189,357,17.78,733,48.4,41,82.28,119,264,257795,1977,79.08,78705,64241,99,0.055556,0.051002,1,0.01946,0.034315,0.039448,VA,Aroda,Virginia
22718,73,566,34.03,972,50.44,40,75.84,140,348,304041,1968,62.85,77996,57826,94,0.008197,0.983607,2,0.007516,0.054404,0.05492,VA,Elkwood,Virginia
22960,547.5,755,59.77,10839,49.7,42,78.3,131,4112,237224,1968,66.69,65135,54643,96,0.887067,1,5,0.056372,0.07257,0.091892,VA,Orange,Virginia
75001,260.3,414.6,4.2305,12895,47.99,34,64.62,64,7349,257307,1989,22.17,77532,65574,146,0.160291,0.205829,2,0.026801,0.039851,0.048025,TX,Addison,Texas
75002,364.5047,431.1497,18.17863,69033,48.19,35,72.44,7,22392,212795,1994,83.49,108448,101967,105,0.42623,0.406193,3,0.03753,0.041442,0.05591,TX,Allen,Texas
75006,323.2537,446.7596,2.194362,48047,47.65,35,61.61,24,17139,158266,1978,54.98,79318,63246,97,0.275046,0.624772,3,0.033283,0.042942,0.05433,TX,Carrollton,Texas
75007,340.2337,440.3927,4.171844,53980,47.94,38,64.72,18,19492,189737,1985,72.72,105141,88518,111,0.346084,0.54827,3,0.035031,0.04233,0.054946,TX,Carrollton,Texas
75009,455.6212,423,24.02909,9007,48.53,36,87.59,34,2880,256148,1990,80.49,105834,85911,99,0.752277,0.300546,3,0.046912,0.040658,0.062079,TX,Celina,Texas
75010,447.4427,433.6293,5.845512,23049,46.84,35,55.77,12,8873,226582,1996,54.32,98535,80963,115,0.746812,0.43898,3,0.04607,0.04168,0.062126,TX,Carrollton,Texas
75013,395.3662,428.3947,16.75061,32458,47.93,35,68.16,8,10802,291038,1999,74.04,125073,121133,115,0.579235,0.36612,3,0.040708,0.041177,0.057902,TX,Allen,Texas
75019,335.2114,439.4455,4.847333,41837,47.52,38,67.84,18,15084,272154,1991,69.37,132932,107315,119,0.326047,0.528233,3,0.034514,0.042239,0.054547,TX,Coppell,Texas
75020,365,545,10.15,22351,47.99,42,84.02,110,9021,100235,1967,68.07,61109,50875,101,0.443534,0.971767,3,0.037581,0.052385,0.064471,TX,Denison,Texas
75022,471.8031,450.6918,11.5524,24045,49,38,81.41,4,7470,346538,1996,91.75,155794,142859,113,0.790528,0.663024,4,0.048578,0.04332,0.065088,TX,Flower Mound,Texas
75023,333.3931,435.2645,12.1937,45868,47.4,40,73.15,26,17805,182669,1983,69.44,95152,85300,117,0.311475,0.45173,3,0.034327,0.041837,0.054117,TX,Plano,Texas
75024,485.5911,422.1281,10.90961,39245,47.84,35,56.64,28,16710,304839,1996,43.78,113323,95030,132,0.830601,0.287796,3,0.049998,0.040575,0.06439,TX,Plano,Texas
75025,491.3609,422.3907,13.17298,55598,47.65,37,59.24,29,19939,258600,1995,68.22,126011,103082,118,0.839709,0.291439,3,0.050592,0.0406,0.064868,TX,Plano,Texas
75027,912.5,276,3.01,8,45.28,42,78.2,20,3,162599,1992,60.43,75507,70078,117,0.985428,0.006375,3,0.093953,0.026529,0.097627,TX,Flower Mound,Texas
75028,423.7697,441.1767,10.79799,43839,48.35,37,83.51,1,14690,244169,1993,86.83,124145,113850,114,0.688525,0.56102,4,0.043632,0.042406,0.060844,TX,Flower Mound,Texas
75032,335.1884,432.2133,26.77976,28806,48.47,36,82.64,17,9534,255040,1995,82.41,113145,96090,104,0.324226,0.422587,3,0.034512,0.041544,0.054009,TX,Rockwall,Texas
75033,409.4738,435.3455,15.83042,32804,48.19,32,76.99,3,9935,278812,2000,86.02,130426,118388,104,0.63388,0.453552,3,0.04216,0.041845,0.059401,TX,Frisco,Texas
75034,426.0865,424.4622,13.15858,43672,48.13,35,73.48,13,16315,350736,1999,63.2,135323,113244,118,0.695811,0.322404,3,0.043871,0.040799,0.05991,TX,Frisco,Texas
75035,371.8167,432.2813,15.89918,49108,47.4,33,69.97,2,16493,227001,1999,81.64,112300,102976,111,0.486339,0.424408,3,0.038283,0.041551,0.056498,TX,Frisco,Texas
75038,299,430.2727,7.774545,29220,48.95,31,33.08,104,13185,280647,1986,14.44,67672,50822,107,0.227687,0.393443,3,0.030786,0.041358,0.051558,TX,Irving,Texas
75039,233.9524,453.619,3.736667,10772,49.03,32,50.05,35,6150,369382,1998,13.3,92596,72124,157,0.118397,0.701275,2,0.024088,0.043602,0.049813,TX,Irving,Texas
75040,387.113,444.91,16.46542,61351,47.42,34,54.24,31,18792,118569,1977,73.86,67810,59509,82,0.542805,0.608379,4,0.039858,0.042764,0.058459,TX,Garland,Texas
75041,384.8167,456.2667,16.60267,32874,47.65,31,60.03,52,10474,108410,1968,56.1,57137,48698,78,0.531876,0.717668,4,0.039622,0.043856,0.059104,TX,Garland,Texas
75042,359.3597,439.19,13.37982,39668,48.24,32,48.37,47,12128,110782,1969,55.92,58202,47261,77,0.409836,0.52459,3,0.037001,0.042215,0.056135,TX,Garland,Texas
75043,421.37,437.9574,18.92293,59720,46.25,36,55.82,42,21799,134099,1980,58.83,72423,63223,94,0.679417,0.502732,4,0.043385,0.042096,0.060451,TX,Garland,Texas
75044,421.6613,423.2258,13.93016,41179,46.82,39,55.94,28,15262,162572,1983,67.74,83670,72558,105,0.681239,0.304189,3,0.043415,0.04068,0.059496,TX,Garland,Texas
75048,400.8333,423.2929,18.44253,19185,47.46,36,69.43,37,6280,184300,1996,86.48,99319,91743,104,0.595628,0.306011,3,0.041271,0.040687,0.057954,TX,Garland,Texas
75050,329.1118,459.2566,14.88908,43280,48.04,32,58.28,99,15798,105824,1976,45.03,60920,51232,89,0.296903,0.730419,3,0.033886,0.044143,0.05565,TX,Grand Prairie,Texas
75051,329.7713,427.0894,16.70957,40016,46.66,30,53.82,106,12832,100370,1976,51.51,47599,38358,73,0.300546,0.349727,3,0.033954,0.041052,0.053274,TX,Grand Prairie,Texas
75052,407.68,450.09,20.23877,87266,47.15,32,45.15,55,28100,145167,1991,73.04,81585,71136,88,0.630237,0.657559,4,0.041976,0.043262,0.060279,TX,Grand Prairie,Texas
75054,698.3,440.2,25.628,6485,47.92,31,47.05,18,1978,211322,2003,89.18,101587,93522,92,0.972678,0.542805,4,0.071899,0.042312,0.083425,TX,Grand Prairie,Texas
75056,345.5864,432.3114,9.294927,50281,48.9,33,70.44,14,17381,209292,1992,71.34,106461,95262,108,0.351548,0.42623,3,0.035582,0.041553,0.054706,TX,The Colony,Texas
75057,219.0433,438.44,9.9992,13616,49.62,31,68.37,33,5171,101225,1984,36.47,60639,49811,92,0.105647,0.508197,2,0.022553,0.042143,0.047798,TX,Lewisville,Texas
75058,571.5,520,23.995,2628,47.34,39,84.31,76,833,173441,1984,77.07,94225,75746,94,0.918033,0.943534,5,0.058843,0.049982,0.077206,TX,Gunter,Texas
75060,510.2847,432.1389,11.12167,45457,48.16,33,61.52,73,14094,114275,1968,63.27,62067,50927,80,0.859745,0.420765,3,0.05254,0.041537,0.066976,TX,Irving,Texas
75061,303.1316,421.9474,8.877368,53990,48.26,31,55.31,76,18124,130527,1972,39.13,55848,43670,80,0.238616,0.282332,3,0.031211,0.040557,0.051176,TX,Irving,Texas
75062,324.8931,440.5903,7.960611,45507,47.86,34,55.11,76,16386,152150,1972,45.86,65103,54720,90,0.284153,0.551913,3,0.033452,0.042349,0.053967,TX,Irving,Texas
75063,335.0811,418.1532,3.883423,33626,47.72,33,40.67,59,15322,285486,1991,33.77,88600,72805,126,0.320583,0.238616,3,0.034501,0.040193,0.052969,TX,Irving,Texas
75065,404.641,423.5109,14.04221,9813,48.51,36,84.95,56,3576,177668,1988,73.9,86290,79696,107,0.6102,0.309654,3,0.041663,0.040708,0.058249,TX,Lake Dallas,Texas
75067,375.8978,435.4635,8.253653,64653,48.34,31,61.4,31,25751,149930,1990,39.93,72898,62150,104,0.502732,0.455373,3,0.038703,0.041856,0.057008,TX,Lewisville,Texas
75068,360.9997,424.1907,16.35934,37615,48.23,31,70.89,14,12156,165760,2001,82.74,84248,79003,96,0.415301,0.318761,3,0.037169,0.040773,0.055172,TX,Little Elm,Texas
75069,269.2822,428.6591,21.92576,35107,47.73,35,66.92,60,12578,223790,1985,55.97,74415,62284,93,0.178506,0.378871,2,0.027726,0.041202,0.049663,TX,McKinney,Texas
75070,369.3861,474.1979,19.50691,81669,47.44,34,78.11,10,28075,220738,1999,77.44,113373,104357,111,0.469945,0.814208,3,0.038033,0.04558,0.059363,TX,McKinney,Texas
75071,333.6212,430.2823,22.83354,37585,49.34,32,73.37,22,11921,204403,1999,76.06,94116,86145,95,0.315118,0.395264,3,0.03435,0.041358,0.053763,TX,Frisco,Texas
75074,334.8194,413.2,15.00235,45820,49.7,33,58.77,31,15664,153136,1984,56.39,76487,66808,93,0.31694,0.187614,3,0.034474,0.039716,0.052591,TX,Plano,Texas
75075,320.0844,429.5467,10.77289,36055,47.85,42,72.66,29,14423,186946,1982,64.77,92998,81478,119,0.26776,0.384335,3,0.032957,0.041288,0.052828,TX,Plano,Texas
75077,390.6264,443.0966,11.57285,35842,47.97,40,83.76,11,12836,241957,1990,82.76,121860,108000,116,0.562842,0.590164,4,0.04022,0.04259,0.058579,TX,Lewisville,Texas
75078,477.6358,437.4397,21.21147,11070,48.39,34,85.69,9,3516,321284,2000,76.93,124435,117260,107,0.817851,0.489982,3,0.049179,0.042046,0.064703,TX,Prosper,Texas
75080,265.2487,430.5952,9.206327,45423,47.99,38,73.06,60,18461,186351,1971,57.11,83654,71276,111,0.17122,0.398907,2,0.027311,0.041389,0.049587,TX,Richardson,Texas
75081,268.839,429.7147,11.615,34144,47.11,39,57.63,52,13128,163276,1977,61.01,83068,72235,109,0.176685,0.386157,2,0.02768,0.041304,0.049721,TX,Richardson,Texas
75082,343.217,409.9451,13.88758,22079,48.2,40,58.45,29,7904,253992,1993,74.27,131298,107056,120,0.349727,0.160291,3,0.035338,0.039404,0.052929,TX,Richardson,Texas
75087,400.5356,435.5623,25.67117,28355,47.21,39,87.71,29,10167,211811,1992,78.3,95842,85905,110,0.593807,0.462659,3,0.04124,0.041866,0.058767,TX,Rockwall,Texas
75088,363.07,445.8578,21.17379,26588,47.31,40,74.21,16,9008,162574,1987,86.81,102113,86369,104,0.420765,0.612022,3,0.037383,0.042856,0.056869,TX,Rowlett,Texas
75089,379.1176,445.8686,20.70441,28263,47.42,35,64.39,18,8997,172060,1994,88.23,99947,93073,100,0.515483,0.613843,4,0.039035,0.042857,0.057969,TX,Rowlett,Texas
75092,577,505,7.25,23155,47.77,39,81.92,90,9732,125460,1976,56.72,68514,54327,108,0.925319,0.920765,5,0.059409,0.04854,0.076718,TX,Sherman,Texas
75093,355.3301,436.7845,9.088619,49203,47,40,70.61,30,20123,396329,1992,58.11,139275,109863,129,0.391621,0.482696,3,0.036586,0.041983,0.055688,TX,Plano,Texas
75094,424.3255,413.3381,17.57813,21936,48.98,34,54.9,16,6327,250247,2000,95.64,119796,109352,101,0.690346,0.189435,3,0.04369,0.03973,0.059053,TX,Plano,Texas
75098,323.7824,413.1598,21.23531,53836,47.75,32,71.79,24,17330,163593,1997,83.55,90327,82436,98,0.276867,0.185792,3,0.033337,0.039713,0.051851,TX,Wylie,Texas
75104,421.0458,453.2667,23.321,49861,45.74,34,33.54,25,17059,152570,1992,74.08,84071,71345,86,0.677596,0.697632,4,0.043352,0.043568,0.061462,TX,Cedar Hill,Texas
75115,521.7404,452.4615,24.05423,54058,45.14,37,20.3,44,19526,152213,1989,65.81,79899,65785,81,0.865209,0.686703,4,0.05372,0.04349,0.069117,TX,Desoto,Texas
75116,472.1513,450,20.47737,21071,45.89,34,49.74,69,7110,111871,1973,60.82,62808,50412,81,0.79235,0.653916,4,0.048614,0.043254,0.065071,TX,Duncanville,Texas
75126,466.9189,475.3617,29.90553,32009,48.25,32,81.53,20,10082,176838,2000,88.18,98533,88812,98,0.781421,0.817851,4,0.048075,0.045691,0.066324,TX,Forney,Texas
75134,374.125,428,24.015,20590,45.57,31,14.9,70,6796,108181,1988,68.81,63463,57056,69,0.495446,0.360656,3,0.038521,0.041139,0.056358,TX,Lancaster,Texas
75135,73,375,31.82,6366,49.21,37,89.42,57,2211,128925,1988,78.76,70471,61454,97,0.008197,0.081967,1,0.007516,0.036045,0.03682,TX,Caddo Mills,Texas
75137,447.1667,453.7949,21.71795,17641,45.61,38,45,52,6433,135339,1980,68.91,87134,70170,93,0.744991,0.703097,4,0.046041,0.043618,0.063422,TX,Duncanville,Texas
75149,503.375,373.5,20.7125,55779,45.94,33,56.9,42,18605,103333,1975,62.91,62159,52550,82,0.852459,0.080146,3,0.051829,0.035901,0.063048,TX,Mesquite,Texas
75150,598.1667,405.3333,19.02667,58556,46.01,34,58.33,50,21631,113903,1978,50.3,65493,54553,91,0.938069,0.140255,3,0.061589,0.03896,0.072877,TX,Mesquite,Texas
75154,559,535,26.79,34860,47.45,35,65.82,42,11551,145695,1991,78.96,87286,71004,92,0.903461,0.962659,5,0.057556,0.051424,0.077182,TX,Red Oak,Texas
75166,234.2727,397.2727,26.31727,2462,48.57,36,86.59,26,830,199050,2000,89.99,91611,80438,104,0.120219,0.112933,1,0.024121,0.038186,0.045166,TX,Lavon,Texas
75167,292,357,32.94,9866,49.39,36,85.25,36,3100,167068,1994,86.79,93513,82347,96,0.211293,0.051002,3,0.030065,0.034315,0.045622,TX,Waxahachie,Texas
75173,146,485,33.85,5241,48.6,37,87.47,24,1765,147348,1992,87.5,85004,79775,103,0.028233,0.854281,2,0.015033,0.046618,0.048982,TX,Nevada,Texas
75181,476.125,432.6667,25.26167,29297,46.7,33,49.22,24,8906,144564,1995,87.58,91913,83037,87,0.810565,0.428962,3,0.049023,0.041588,0.064287,TX,Mesquite,Texas
75182,874.2188,431,22.275,9196,46.89,38,66.85,47,3176,206451,1991,77.89,99795,88248,104,0.979964,0.404372,3,0.090012,0.041427,0.099087,TX,Sunnyvale,Texas
75189,521.8021,426.625,31.21708,24993,48.58,33,83.81,31,8129,161501,1998,85.12,82517,77238,97,0.867031,0.340619,3,0.053726,0.041007,0.067587,TX,Royse City,Texas
75204,73,615,11.71,26871,50.09,31,62.65,172,14695,242579,1989,21.6,82867,68596,139,0.008197,0.994536,2,0.007516,0.059113,0.059589,TX,Dallas,Texas
75206,370,356,3.02,36465,50.22,32,72.97,171,20256,258271,1968,25.45,73429,58313,139,0.471767,0.032787,3,0.038096,0.034218,0.051208,TX,Dallas,Texas
75208,652,575,13.84,31704,50.68,33,63.92,144,10247,169162,1949,54.86,71406,55237,82,0.959927,0.986339,5,0.067131,0.055269,0.086955,TX,Dallas,Texas
75209,365,485,21.6,14438,47.33,40,68.52,146,6570,448412,1964,61.06,149091,113223,130,0.443534,0.854281,3,0.037581,0.046618,0.05988,TX,Dallas,Texas
75210,301.125,396,16.445,7611,49.35,35,11.16,188,2740,42477,1955,30.83,23029,16967,54,0.234973,0.103825,3,0.031005,0.038063,0.049093,TX,Dallas,Texas
75211,238.2292,442,14.98667,75477,47.85,28,55.94,121,20851,92316,1968,52.46,48979,41144,65,0.125683,0.575592,2,0.024529,0.042485,0.049057,TX,Dallas,Texas
75216,219,356,29.37,49657,47.1,36,13.36,160,16788,60472,1959,55.34,35929,26292,57,0.093807,0.032787,1,0.022549,0.034218,0.04098,TX,Dallas,Texas
75226,664,535,22.05,3487,57.15,32,48.07,171,1523,91097,1956,8.62,53279,38706,96,0.965392,0.962659,5,0.068367,0.051424,0.085548,TX,Dallas,Texas
75228,164,471,15.89,68177,46.37,32,47.98,136,24009,117087,1970,47.8,53274,44832,80,0.040073,0.796903,2,0.016886,0.045272,0.048319,TX,Dallas,Texas
75229,278,555.5,4.505,31887,48.85,39,77.63,120,11349,338443,1965,71.59,117628,94220,105,0.185792,0.978142,2,0.028624,0.053394,0.060583,TX,Dallas,Texas
75234,358.9131,453.0709,1.696454,30250,46.97,37,71.33,66,10655,158655,1967,65.52,79008,62278,96,0.406193,0.693989,3,0.036955,0.043549,0.057115,TX,Dallas,Texas
75236,559.7917,460.6667,19.49167,15285,44.57,26,36.09,95,4527,118652,1990,47.82,57042,47505,65,0.905282,0.737705,4,0.057637,0.044279,0.072682,TX,Dallas,Texas
75238,529.6667,468,12.13,31891,47.24,35,63.8,116,12587,232400,1970,50.39,87274,67671,104,0.87796,0.781421,4,0.054536,0.044984,0.070694,TX,Dallas,Texas
75240,199.28,431.86,7.72,22892,49.79,31,51.57,114,8360,247483,1975,26.26,66394,55913,88,0.063752,0.415301,2,0.020518,0.04151,0.046304,TX,Dallas,Texas
75241,219,392,21.51,28339,45.99,36,5.54,151,9553,79611,1973,60.06,41733,32624,57,0.093807,0.098361,1,0.022549,0.037679,0.043911,TX,Dallas,Texas
75243,338.7857,420.3571,10.87429,57286,47.3,34,35.7,123,24513,193054,1978,27.27,62397,50583,93,0.338798,0.255009,3,0.034882,0.040404,0.053379,TX,Dallas,Texas
75244,456.25,495,4.53,13830,47.52,38,69.21,111,5856,293597,1976,50.12,106993,82397,120,0.756831,0.900729,4,0.046977,0.047579,0.066862,TX,Dallas,Texas
75248,270.2158,416.2055,7.137123,34090,46.51,43,77.03,113,15668,271697,1978,56.5,118138,92063,132,0.180328,0.220401,2,0.027822,0.040005,0.048729,TX,Dallas,Texas
75249,476.9787,441.7234,21.07021,12513,45.53,32,28.75,74,4133,124071,1989,75.66,72399,66351,80,0.812386,0.57377,4,0.049111,0.042458,0.06492,TX,Dallas,Texas
75252,247.4348,438.8696,7.253478,23563,48.26,39,66.65,104,11675,287065,1986,43.29,97092,74408,133,0.136612,0.515483,2,0.025476,0.042184,0.04928,TX,Dallas,Texas
75253,292,485,25.1,18044,47.93,28,58.01,122,5206,62477,1989,68.01,51989,39197,68,0.211293,0.854281,3,0.030065,0.046618,0.055472,TX,Dallas,Texas
75254,227.9286,452.0714,7.397143,24919,48.08,33,53.69,82,11986,337708,1982,19.35,79140,62334,116,0.112933,0.681239,2,0.023468,0.043453,0.049385,TX,Dallas,Texas
75287,387.836,436.176,4.45768,51621,47.32,33,53.86,70,27138,278984,1988,20.71,80296,62663,125,0.551913,0.471767,3,0.039933,0.041925,0.057899,TX,Dallas,Texas
75401,146,485,47.25,18777,49.03,33,62.21,135,6732,78802,1972,52.85,44105,35925,78,0.028233,0.854281,2,0.015033,0.046618,0.048982,TX,Greenville,Texas
75407,219,414.25,27.365,14144,48.61,35,81.98,49,4847,100826,1992,77.11,75997,65959,97,0.093807,0.204007,2,0.022549,0.039817,0.045759,TX,Princeton,Texas
75409,535.5,403.8,33.99,13316,48.24,33,81.44,28,4388,132943,1998,82.37,74478,64041,93,0.879781,0.125683,3,0.055136,0.038813,0.067427,TX,Anna,Texas
75454,437.3929,436.2857,30.92429,5070,48.58,34,84.6,38,1655,200248,2000,84.99,86211,80345,99,0.728597,0.47541,3,0.045035,0.041935,0.061536,TX,Melissa,Texas
76001,487.65,437.0762,25.77924,30874,48.01,34,63.35,30,10057,157123,1994,83.2,92014,84320,96,0.834244,0.484517,3,0.05021,0.042011,0.065467,TX,Arlington,Texas
76002,529.07,437.94,24.3604,32027,47.58,30,42.06,33,9486,152379,2000,88.67,87789,81405,85,0.876138,0.500911,4,0.054474,0.042094,0.068843,TX,Arlington,Texas
76006,273.975,473.95,16.0985,20812,48.18,33,51.94,112,10505,197276,1985,26.12,70540,52334,115,0.183971,0.812386,2,0.028209,0.045556,0.053582,TX,Arlington,Texas
76010,337.2,468.3333,19.21933,56897,50.31,27,49.18,85,17957,92231,1969,33.95,45013,37721,70,0.32969,0.785064,3,0.034719,0.045016,0.056849,TX,Arlington,Texas
76011,209.1667,477.8333,17.30167,22598,49.02,31,50.69,116,9441,130283,1979,22.84,56740,39306,90,0.07286,0.82878,2,0.021536,0.045929,0.050728,TX,Arlington,Texas
76012,267.4315,473.726,18.23288,28659,47.3,40,70.86,80,11189,176331,1973,61.32,84995,71108,106,0.173042,0.810565,2,0.027535,0.045534,0.053212,TX,Arlington,Texas
76013,405.3021,456.8333,20.67,30704,47.12,38,74.66,96,13284,150257,1975,52.39,69718,56926,110,0.612022,0.71949,4,0.041731,0.043911,0.060577,TX,Arlington,Texas
76014,356.7575,455.5749,20.37743,34615,47.13,30,41.14,75,11060,96452,1981,50.36,50231,43560,74,0.397086,0.710383,3,0.036733,0.04379,0.057156,TX,Arlington,Texas
76015,441.0987,467,22.16132,17139,47.82,36,65.17,70,6925,121431,1980,47.17,67642,56161,101,0.737705,0.777778,4,0.045417,0.044888,0.063856,TX,Arlington,Texas
76016,411.3427,438.7865,24.34472,31598,47.73,43,79.79,51,11799,179022,1982,82.64,109743,90122,115,0.641166,0.513661,4,0.042353,0.042176,0.059771,TX,Arlington,Texas
76017,472.9026,471.4474,25.07868,45992,47.34,36,67.72,59,17294,146898,1986,69.01,83774,71296,105,0.797814,0.803279,4,0.048691,0.045315,0.066515,TX,Arlington,Texas
76018,411.3651,460.964,23.00691,27445,47.37,31,43.74,38,8775,126099,1991,78.11,77820,69036,87,0.642987,0.743169,4,0.042355,0.044308,0.061295,TX,Arlington,Texas
76020,456.25,505,14.73,26881,48.88,41,92.79,62,10109,135305,1982,77.99,78285,62409,105,0.756831,0.920765,4,0.046977,0.04854,0.06755,TX,Azle,Texas
76021,345.9445,451.1545,14.77569,34041,46.49,42,80.94,46,15439,174548,1984,55.52,86194,72993,126,0.355191,0.672131,3,0.035619,0.043365,0.056118,TX,Bedford,Texas
76022,353.1049,443.4763,16.46019,13779,47.11,38,77.48,44,5861,128963,1977,54.7,76910,63198,113,0.384335,0.593807,3,0.036357,0.042627,0.056025,TX,Bedford,Texas
76023,165.25,431.25,21.455,6517,49.62,42,93.24,71,2430,147097,1985,79.98,78738,62248,104,0.041894,0.409836,2,0.017015,0.041451,0.044808,TX,Boyd,Texas
76028,365,458.6667,29.6,61157,48.77,37,89.83,32,21584,145084,1990,81.18,88571,76516,105,0.443534,0.723133,3,0.037581,0.044087,0.057931,TX,Burleson,Texas
76034,355.0396,458.7744,14.91262,24135,48.35,45,87.91,5,8460,395633,1991,93.63,174322,152943,125,0.3898,0.724954,3,0.036556,0.044097,0.057279,TX,Colleyville,Texas
76035,206,485,18.92,1760,50.69,38,92.95,58,633,168108,1991,76.88,103544,77103,107,0.071038,0.854281,2,0.02121,0.046618,0.051216,TX,Cresson,Texas
76036,146,405,37.31,23907,47.59,35,71.72,37,8135,153137,1992,74.55,83609,73699,96,0.028233,0.132969,1,0.015033,0.038928,0.04173,TX,Crowley,Texas
76039,325.1506,441.3241,12.33294,34534,47.65,35,65.74,43,15179,158376,1988,41.87,76787,67158,119,0.285974,0.566485,3,0.033478,0.04242,0.054039,TX,Euless,Texas
76040,318.6396,440.7063,14.16397,29140,49.43,34,57.6,70,11818,147850,1981,42.5,67211,58375,102,0.264117,0.555556,3,0.032808,0.04236,0.053579,TX,Euless,Texas
76050,219,357,10.83,7107,51.93,40,90.77,78,2456,134354,1983,80.58,74850,65663,98,0.093807,0.051002,1,0.022549,0.034315,0.04106,TX,Grandview,Texas
76051,312.6409,440.072,11.86068,45562,48.71,39,81.11,43,18166,221434,1986,58.77,99038,86668,119,0.249545,0.539162,3,0.03219,0.042299,0.053155,TX,Grapevine,Texas
76052,306.528,425.84,27.83208,15538,49.39,33,85.87,10,4901,211724,2002,90.69,106634,101000,104,0.240437,0.335155,3,0.031561,0.040931,0.051686,TX,Haslet,Texas
76053,318.2172,446.1607,18.21404,27560,47.53,37,75.02,73,10740,118798,1972,55.24,63272,53911,100,0.262295,0.617486,3,0.032764,0.042885,0.053969,TX,Hurst,Texas
76054,335.1017,451.3023,16.96064,11159,47.26,47,90.04,40,4383,183664,1980,90.25,105999,97509,124,0.322404,0.673953,3,0.034503,0.043379,0.055427,TX,Hurst,Texas
76058,178,470.5,16.585,17685,50.01,35,90.74,56,5901,113894,1992,77.54,74301,57078,92,0.046448,0.794171,2,0.018327,0.045224,0.048797,TX,Joshua,Texas
76060,458.4286,437.8571,27.15429,7697,48.48,38,77.47,65,2791,159628,1986,71.42,85627,70769,102,0.761384,0.499089,3,0.047201,0.042087,0.063239,TX,Kennedale,Texas
76063,554.2891,447.625,26.97969,64218,48.38,35,73.13,18,20920,191428,1995,78.89,104091,95808,100,0.897996,0.632058,4,0.057071,0.043025,0.071472,TX,Mansfield,Texas
76065,945,501,14.6,29831,48.24,35,89.45,25,9974,171978,1993,82.39,98419,86943,104,0.992714,0.911658,5,0.097299,0.048156,0.108564,TX,Midlothian,Texas
76071,146,489,35.3,2692,51.23,40,89.99,118,968,132221,1982,76.21,70498,58024,98,0.028233,0.880692,2,0.015033,0.047002,0.049348,TX,Newark,Texas
76073,219,489,49.76,5492,50.68,40,94.32,99,1970,167813,1989,84.24,80728,70547,105,0.093807,0.880692,2,0.022549,0.047002,0.052131,TX,Paradise,Texas
76078,951,555,21.73,7633,50.34,35,88.44,83,2616,117934,1993,82.77,74557,63472,98,0.994536,0.976321,5,0.097917,0.053346,0.111506,TX,Rhome,Texas
76084,292,489,15.11,6377,51.34,34,83.83,40,2033,114996,1996,83.13,80036,66963,92,0.211293,0.880692,3,0.030065,0.047002,0.055795,TX,Venus,Texas
76087,292,565,47.22,26239,50.09,41,92.79,57,9671,174180,1991,86.54,99205,82904,112,0.211293,0.980874,3,0.030065,0.054307,0.062074,TX,Weatherford,Texas
76092,445.5,448.6618,14.45294,30444,49,40,86.17,21,9492,468183,1994,90.72,201152,177793,114,0.743169,0.637523,4,0.04587,0.043125,0.062959,TX,Southlake,Texas
76093,584,360.5,12,1476,49.77,39,94.13,129,540,143891,1985,80.81,77848,61851,103,0.930783,0.061931,3,0.06013,0.034651,0.0694,TX,Rio Vista,Texas
76102,597.5,438,22.665,8010,57.38,34,58.32,186,3053,176036,1976,24.77,80018,45341,86,0.936248,0.504554,4,0.06152,0.0421,0.074546,TX,Fort Worth,Texas
76103,298.6667,455.6667,24.54667,14992,48.73,35,51.38,149,5266,96652,1957,56.79,59733,46774,82,0.225865,0.712204,3,0.030751,0.043798,0.053516,TX,Fort Worth,Texas
76105,219,456,26.53,23630,48.32,28,34.43,154,6760,50664,1955,56.33,36349,28864,54,0.093807,0.714936,2,0.022549,0.04383,0.04929,TX,Fort Worth,Texas
76106,249.5,430.5,28.04,36382,49.4,27,60.17,131,9916,69504,1963,53.21,42853,34749,62,0.142077,0.397086,2,0.025689,0.041379,0.048705,TX,Fort Worth,Texas
76107,146,405,31.44,27737,47.69,39,72.27,160,13170,248911,1958,53.87,90221,66039,121,0.028233,0.132969,1,0.015033,0.038928,0.04173,TX,Fort Worth,Texas
76108,146,485,22.13,38005,47.85,36,81.5,48,13857,138579,1982,67.83,75560,66196,101,0.028233,0.854281,2,0.015033,0.046618,0.048982,TX,Fort Worth,Texas
76110,605,365,29.63,31699,49.88,30,62.8,147,10086,125189,1949,58.53,60155,46796,78,0.943534,0.069217,3,0.062292,0.035084,0.071493,TX,Fort Worth,Texas
76111,254.85,516.7333,25.61,21611,50.32,30,60.46,138,6604,84461,1950,65.03,54539,45876,77,0.147541,0.941712,2,0.02624,0.049668,0.056173,TX,Fort Worth,Texas
76112,339.303,461.9697,22.33697,39167,46.58,35,36.84,153,15602,104981,1970,50.08,58013,43806,84,0.342441,0.746812,3,0.034935,0.044404,0.0565,TX,Fort Worth,Texas
76114,182.5,516.5,30.31,26948,47.49,35,76.42,109,9347,84610,1959,63.82,53852,44742,86,0.050091,0.939891,2,0.018791,0.049646,0.053083,TX,Fort Worth,Texas
76117,479.3645,479.5783,22.85096,32151,49.26,34,67.7,77,11525,90727,1967,55.39,53195,44617,88,0.821494,0.830601,5,0.049357,0.046097,0.067535,TX,Haltom City,Texas
76118,576.65,441.2,20.4145,15629,48.08,38,70.49,58,5807,132212,1976,73.93,78363,65393,103,0.923497,0.562842,4,0.059373,0.042408,0.072963,TX,Fort Worth,Texas
76119,291.1406,431.625,25.935,45012,49.42,31,30.03,146,13966,59487,1968,55.76,40729,32239,60,0.205829,0.413479,3,0.029977,0.041487,0.051184,TX,Fort Worth,Texas
76120,235.4118,437.5515,20.89757,15681,45.51,31,39.78,104,6634,129760,1992,43.09,62916,51776,95,0.12204,0.491803,2,0.024239,0.042057,0.048542,TX,Fort Worth,Texas
76127,365,485,25.17,1011,25.25,38,68.52,107,149,141447,1954,59.64,102671,62502,40,0.443534,0.854281,3,0.037581,0.046618,0.05988,TX,Naval Air Station/ Jrb,Texas
76131,463.9833,417.1333,26.0456,26183,48.27,29,68.82,16,8338,142537,1999,74.88,84683,77597,95,0.772313,0.229508,3,0.047773,0.040095,0.062368,TX,Fort Worth,Texas
76133,292,361,35.32,47476,46.2,37,60.48,122,18036,118311,1974,64.02,69379,56686,95,0.211293,0.064663,3,0.030065,0.034699,0.045912,TX,Fort Worth,Texas
76135,387.0273,451.5625,31.08625,22219,47.62,37,83.18,82,8379,148850,1982,66.23,73500,62840,103,0.540984,0.675774,4,0.039849,0.043404,0.058922,TX,Fort Worth,Texas
76137,387.1856,448.8896,22.45853,56582,48.37,32,69.72,52,20210,140089,1993,63.53,87999,79190,105,0.546448,0.639344,4,0.039866,0.043147,0.058745,TX,Fort Worth,Texas
76140,231,525,29.26,26678,47.61,33,47.1,81,8638,102536,1980,74.03,66572,51664,77,0.114754,0.946266,2,0.023784,0.050463,0.055787,TX,Fort Worth,Texas
76148,429.8878,454.0867,21.0449,23620,48.13,35,81.84,6,8149,101051,1979,81.21,71123,67438,99,0.703097,0.70674,4,0.044262,0.043647,0.062162,TX,Fort Worth,Texas
76155,73,361,12.67,4247,50.44,31,41.24,107,2490,147909,1989,1.44,48896,39940,118,0.008197,0.064663,1,0.007516,0.034699,0.035504,TX,Fort Worth,Texas
76177,391.5447,425.8455,24.25927,7811,48.99,30,74.04,10,2675,167353,2002,80.58,88260,84666,106,0.566485,0.336976,3,0.040314,0.040932,0.057452,TX,Fort Worth,Texas
76179,313.0418,429.0624,29.1488,52274,48.4,33,78.97,29,17518,167949,1995,82.61,91882,80603,101,0.251366,0.382514,3,0.032232,0.041241,0.052342,TX,Fort Worth,Texas
76180,358.887,461.485,19.90796,36237,47.48,38,79.31,43,14984,143689,1982,49.5,73912,62765,110,0.404372,0.744991,3,0.036952,0.044358,0.057732,TX,North Richland Hills,Texas
76182,357.2637,439.1602,18.93771,29321,47.66,40,87.82,18,10637,192895,1989,82.4,101062,92589,114,0.398907,0.522769,3,0.036785,0.042212,0.055991,TX,North Richland Hills,Texas
76201,460.8289,464.9474,23.13737,23750,47.36,27,70.42,123,9421,123279,1974,17.98,42070,31531,81,0.76867,0.763206,4,0.047448,0.04469,0.065181,TX,Denton,Texas
76205,391.35,450.8,20.842,21634,50.17,30,67.69,92,8260,163231,1984,33.77,62338,46913,87,0.564663,0.664845,4,0.040294,0.043331,0.059171,TX,Denton,Texas
76207,479.8676,423.5294,24.82647,12851,47.37,35,80.16,83,5183,172906,1994,59.83,67505,58629,104,0.823315,0.311475,3,0.049408,0.040709,0.064019,TX,Denton,Texas
76208,409.9054,428.8446,17.27,22132,48.47,33,78.06,70,7784,178658,1996,64.02,83875,70948,98,0.639344,0.380692,3,0.042205,0.04122,0.058995,TX,Denton,Texas
76209,419.2667,464.5167,23.9095,24437,46.34,32,73.97,96,9396,124003,1977,47.99,63213,54332,96,0.67031,0.759563,4,0.043169,0.044649,0.062105,TX,Denton,Texas
76210,370.31,440.0097,17.31839,41082,48.03,34,78.74,26,13860,177723,1998,79.77,97635,88878,104,0.47541,0.537341,3,0.038128,0.042293,0.056943,TX,Corinth,Texas
76226,521.334,431.5057,17.76928,20769,48.94,37,88.61,28,6763,335042,2000,89.71,135895,125550,112,0.863388,0.411658,3,0.053678,0.041476,0.067835,TX,Argyle,Texas
76227,295.6994,419.0337,18.95135,23757,47.86,33,85,14,8034,174180,1999,83.13,86840,78427,102,0.222222,0.245902,3,0.030446,0.040277,0.05049,TX,Aubrey,Texas
76244,407.0562,435.9957,21.95909,60036,48.26,30,76.9,8,19071,180872,2002,82.47,100199,95157,103,0.622951,0.468124,3,0.041911,0.041908,0.059269,TX,Keller,Texas
76247,416.4354,436.6067,24.8573,14806,48.59,34,86.15,23,4792,143124,1999,85.52,82350,74603,97,0.655738,0.479053,3,0.042877,0.041966,0.059997,TX,Justin,Texas
76248,428.7916,451.0736,19.14828,35651,47.67,39,87.86,4,12176,270683,1996,81.56,129637,115106,114,0.697632,0.67031,4,0.044149,0.043357,0.061879,TX,Keller,Texas
76249,146,447,29.215,7158,48.25,37,90.84,36,2524,158254,1990,82.29,86733,77064,106,0.028233,0.628415,2,0.015033,0.042965,0.045519,TX,Krum,Texas
76262,407.4666,438.9455,19.56905,30260,48.88,37,86.08,23,10889,240641,1996,74.38,115988,99880,113,0.628415,0.519126,4,0.041954,0.042191,0.0595,TX,Roanoke,Texas
76266,636.375,434.25,17.4075,15267,48.22,35,86.39,53,5475,158389,1992,68.7,69326,61343,98,0.956284,0.444444,3,0.065523,0.04174,0.077688,TX,Sanger,Texas
76273,219,489,45.59,9660,50.24,42,93.32,105,3743,130417,1981,75.59,68970,56677,104,0.093807,0.880692,2,0.022549,0.047002,0.052131,TX,Whitesboro,Texas
76502,365,356,27.32,31848,47.76,38,78.53,68,12720,141410,1988,67.64,89770,69732,111,0.443534,0.032787,3,0.037581,0.034218,0.050826,TX,Temple,Texas
76627,211,356,18.88,2727,49.04,48,94.93,166,1085,149306,1986,84.19,72652,52364,105,0.074681,0.032787,1,0.021725,0.034218,0.040532,TX,Blum,Texas
77008,301.125,508,7.475,31855,50.37,37,77.35,156,15501,276324,1964,54.26,93319,72907,136,0.234973,0.931694,3,0.031005,0.048829,0.05784,TX,Houston,Texas
77009,365,366,9.36,38783,51.03,34,62.93,157,14031,166458,1949,53.78,68119,51214,90,0.443534,0.071949,3,0.037581,0.03518,0.051478,TX,Houston,Texas
77014,415.375,438.625,8.43125,27576,47.62,30,23.39,40,8961,130069,1991,51.17,71165,53244,76,0.652095,0.510018,4,0.042768,0.04216,0.060055,TX,Houston,Texas
77017,146,485,19.8,34325,50.17,30,62.52,129,10071,91370,1964,54.1,50586,40834,72,0.028233,0.854281,2,0.015033,0.046618,0.048982,TX,Houston,Texas
77018,73,356,7.57,25601,48.84,40,73.09,136,10600,191358,1957,71.07,83298,63011,111,0.008197,0.032787,1,0.007516,0.034218,0.035034,TX,Houston,Texas
77019,638.75,329,10.05,20426,50.07,39,77.48,133,10862,550342,1982,48.88,162408,105940,154,0.958106,0.018215,3,0.065767,0.031623,0.072975,TX,Houston,Texas
77024,590.5,476.5,6.045,38195,47.17,45,80.37,100,15825,587908,1974,70.08,190052,129723,132,0.934426,0.821494,5,0.060799,0.045801,0.07612,TX,Houston,Texas
77030,547.5,357,12.29,11064,48.81,34,66.08,145,5108,404174,1978,45.34,123914,90918,133,0.887067,0.051002,3,0.056372,0.034315,0.065995,TX,Houston,Texas
77031,381.5,505,14.075,16698,49.98,33,37.37,113,5827,124206,1976,43.65,65373,54425,82,0.520947,0.920765,4,0.03928,0.04854,0.062443,TX,Houston,Texas
77034,382.5833,477.8222,26.77644,36244,49.38,29,58.31,127,11784,108181,1976,49.04,54892,47762,79,0.522769,0.826958,4,0.039392,0.045928,0.060507,TX,Houston,Texas
77035,262,505,16.6,37572,47.76,33,43.55,116,13765,150139,1970,43.13,65901,56056,86,0.164845,0.920765,2,0.026976,0.04854,0.055533,TX,Houston,Texas
77036,612,505,9.71,72736,52.2,31,37.24,101,25300,108952,1973,20.17,42629,31350,74,0.95082,0.920765,5,0.063013,0.04854,0.079541,TX,Houston,Texas
77037,575,356,35.88,24382,51.95,28,58.46,84,6307,89716,1972,64.4,51878,42734,64,0.921676,0.032787,3,0.059203,0.034218,0.068381,TX,Houston,Texas
77038,483.5,525.75,10.1825,27641,49.8,28,42.48,54,7524,98646,1985,54.33,52930,43407,64,0.826958,0.948998,5,0.049782,0.050535,0.070937,TX,Houston,Texas
77040,316.9893,460.0571,2.904714,45788,49.6,34,55.7,71,16257,133174,1985,55.67,81363,65451,95,0.256831,0.735883,3,0.032638,0.04422,0.054961,TX,Houston,Texas
77041,294.0397,462.1111,4.852103,35394,49.59,33,53.9,58,10920,174926,1991,74.67,91492,85021,92,0.218579,0.750455,3,0.030275,0.044418,0.053754,TX,Houston,Texas
77042,425.994,455.4524,7.891905,39582,48.46,34,46.59,111,18983,214848,1981,25.5,77479,59072,113,0.693989,0.708561,4,0.043861,0.043778,0.06197,TX,Houston,Texas
77043,382.7034,464.678,5.033559,22548,49.56,35,65.84,103,7826,144469,1971,61.81,73417,57441,94,0.52459,0.761384,4,0.039404,0.044665,0.059562,TX,Houston,Texas
77044,391.941,446.9299,22.02413,34320,48.54,30,52.52,67,10534,147256,1996,79.3,86670,77951,84,0.568306,0.626594,4,0.040355,0.042959,0.05894,TX,Houston,Texas
77046,217,575,18.53,973,48.33,33,76.03,99,662,223917,1980,25.43,114364,79968,188,0.080146,0.986339,2,0.022343,0.055269,0.059614,TX,Houston,Texas
77047,260.25,444.5833,19.70833,22193,46.18,33,18.26,103,7941,103702,1990,74.47,65682,55437,77,0.15847,0.604736,2,0.026796,0.042733,0.050439,TX,Houston,Texas
77048,601,325,21.89,15834,45.97,34,11.34,142,5391,83655,1974,57.89,47086,35596,61,0.939891,0.016393,3,0.06188,0.031239,0.069318,TX,Houston,Texas
77049,497.2,407.2,17.402,30878,48.97,29,48.1,60,9278,119771,1990,69.23,71079,60578,77,0.843352,0.145719,3,0.051193,0.03914,0.064441,TX,Houston,Texas
77050,197,356,28.07,4313,49.24,33,28.92,116,1269,76771,1978,71.01,60921,49716,65,0.061931,0.032787,1,0.020284,0.034218,0.039778,TX,Houston,Texas
77055,365,436,5.66,43329,51.61,33,66.01,124,14619,253637,1969,45.54,83929,60809,88,0.443534,0.469945,3,0.037581,0.041908,0.056291,TX,Houston,Texas
77056,505.5,420.5,8.495,18641,49.49,43,76.92,143,10326,568586,1987,42.88,155666,106508,165,0.856102,0.259563,3,0.052047,0.040418,0.065898,TX,Houston,Texas
77058,333.5798,493.3404,33.69787,16888,48.97,39,71.87,100,8527,172181,1983,39.11,82491,69106,134,0.313297,0.896175,3,0.034346,0.04742,0.058551,TX,Houston,Texas
77059,362.0967,462.2492,30.41151,15383,49.42,43,74.36,45,5225,260162,1987,93.66,168752,136884,122,0.417122,0.752277,3,0.037282,0.044431,0.058001,TX,Houston,Texas
77061,219,452,4.86,25582,50.71,30,43.89,139,8629,115332,1967,37.87,49106,36767,74,0.093807,0.679417,2,0.022549,0.043446,0.048949,TX,Houston,Texas
77062,527.3311,492.2703,30.12973,26484,49.54,40,71.73,95,9977,177456,1978,72.94,109804,93711,116,0.874317,0.892532,5,0.054295,0.047317,0.07202,TX,Houston,Texas
77063,481.2206,397,13.50059,33823,49.73,34,56.39,118,16891,217412,1978,27.33,72406,59048,120,0.825137,0.111111,3,0.049548,0.038159,0.062539,TX,Houston,Texas
77064,472.7765,450.4693,4.842849,46609,49.19,33,52.29,51,15568,138420,1992,65.1,80896,70932,95,0.794171,0.659381,4,0.048678,0.043299,0.065149,TX,Houston,Texas
77065,355.5361,446.2837,6.548462,36376,47.79,34,57.87,52,14203,142972,1990,49.03,78313,62340,103,0.393443,0.619308,3,0.036607,0.042896,0.056393,TX,Houston,Texas
77066,393.9137,448.1814,7.232743,31587,48.82,33,39.32,55,9786,127580,1984,69.31,73610,63716,83,0.57377,0.63388,4,0.040558,0.043079,0.059167,TX,Houston,Texas
77067,683,420.5,6.97,29753,48.66,28,26.76,61,8947,104056,1985,47.07,51261,44794,65,0.970856,0.259563,3,0.070323,0.040418,0.081111,TX,Houston,Texas
77068,315.3655,431.2089,10.44354,11225,48.82,39,51.9,56,4068,179224,1980,69.75,113368,77230,102,0.253188,0.408015,3,0.032471,0.041447,0.052652,TX,Houston,Texas
77069,407.6928,457.9518,8.674819,16956,47.12,45,73.54,73,7894,217384,1984,61.21,105867,80719,131,0.632058,0.721311,4,0.041977,0.044018,0.060825,TX,Houston,Texas
77070,325.565,450.6043,8.640295,48802,48.09,35,66.4,56,19220,157357,1991,54.04,87539,72801,110,0.287796,0.661202,3,0.033521,0.043312,0.054768,TX,Houston,Texas
77071,219,505,15.65,24900,46.55,36,26,91,8915,130996,1979,58.93,71154,56353,82,0.093807,0.920765,2,0.022549,0.04854,0.053522,TX,Houston,Texas
77072,387.5,495,11.84,58448,48.76,31,31.52,116,17659,97838,1977,46.87,45884,37622,69,0.550091,0.900729,4,0.039898,0.047579,0.062094,TX,Houston,Texas
77073,403.6833,440.2667,13.52267,33278,48.82,27,39.54,47,10000,121134,1995,61.9,64286,52810,72,0.599271,0.544627,4,0.041564,0.042318,0.059316,TX,Houston,Texas
77074,550,405,12.42,42231,50.07,31,48.56,125,14180,112904,1970,33.96,47968,38475,75,0.896175,0.132969,3,0.056629,0.038928,0.068719,TX,Houston,Texas
77075,146,545,12.18,38032,48.92,29,48.17,96,11477,115377,1988,59.11,60879,54318,76,0.028233,0.971767,2,0.015033,0.052385,0.054499,TX,Houston,Texas
77076,604,485,13.87,33691,50.57,28,58.31,120,9250,90184,1969,51.8,46351,38448,64,0.941712,0.854281,5,0.062189,0.046618,0.077722,TX,Houston,Texas
77077,629.2375,438.9,9.12,52853,47.55,37,58.17,111,24702,229210,1987,41.53,96179,75973,126,0.954463,0.517304,4,0.064788,0.042187,0.077312,TX,Houston,Texas
77079,526.5214,420.9429,7.724571,31549,47.34,39,73.44,117,12320,289640,1973,63.53,134092,107764,120,0.870674,0.26776,3,0.054212,0.040461,0.067646,TX,Houston,Texas
77080,223.5,603,1.9,46325,51.98,32,57.63,111,15034,135259,1970,40.39,59346,44383,79,0.10929,0.992714,2,0.023012,0.05796,0.062361,TX,Houston,Texas
77081,547.5,366,10.5,44570,54.36,28,49.66,119,14829,244385,1973,7.27,41845,31646,71,0.887067,0.071949,3,0.056372,0.03518,0.066448,TX,Houston,Texas
77082,474.6154,464.2308,11.84,53302,47.25,33,38.51,80,21428,208116,1991,38.66,76356,57917,98,0.8051,0.757741,4,0.048868,0.044622,0.066175,TX,Houston,Texas
77083,433.6607,416.6429,15.35357,70556,48.08,32,27.91,38,20258,129963,1989,70.05,73647,59270,76,0.712204,0.224044,3,0.044651,0.040047,0.059979,TX,Houston,Texas
77084,485.0979,465.2833,8.525417,100792,48.85,32,55.58,45,32767,142520,1992,63.59,84615,70218,93,0.82878,0.765027,4,0.049947,0.044723,0.067043,TX,Houston,Texas
77085,547.5,369,6.53,16695,48.41,30,33.62,58,4706,114630,1988,73.64,66902,57743,67,0.887067,0.076503,3,0.056372,0.035468,0.066602,TX,Houston,Texas
77086,134,483.3333,6.47,30236,48.88,28,40.15,51,8411,102892,1984,57.82,58815,48189,66,0.016393,0.836066,2,0.013797,0.046458,0.048463,TX,Houston,Texas
77088,384.7,508,8.736,50888,47.94,33,27.61,101,16174,98286,1977,63.14,53358,44225,68,0.530055,0.931694,4,0.03961,0.048829,0.062874,TX,Houston,Texas
77089,338.564,434.1902,26.45607,45498,48.23,34,54.32,60,15134,135577,1982,69.41,76906,66314,91,0.335155,0.442623,3,0.034859,0.041734,0.054377,TX,Houston,Texas
77090,373.125,415.5,11.32667,37184,47.28,30,34.59,86,15205,139303,1985,22.77,53163,45247,84,0.493625,0.213115,3,0.038418,0.039938,0.055416,TX,Houston,Texas
77092,475.125,409.5,6.4875,33215,50.45,33,58.98,129,12388,116087,1970,39.32,54725,43647,87,0.806922,0.156648,3,0.04892,0.039361,0.062789,TX,Houston,Texas
77094,327.5757,466.0132,12.16066,9254,49.13,43,71.68,8,3198,292466,1995,87.05,162115,146944,124,0.29326,0.76867,3,0.033728,0.044793,0.056071,TX,Houston,Texas
77095,368.5034,466.3966,8.569915,68906,48.37,35,63.82,27,23747,171847,1994,73.2,104716,96131,107,0.468124,0.772313,3,0.037942,0.04483,0.058731,TX,Houston,Texas
77099,365.3214,528.4286,14.02571,46202,48.67,31,31.29,103,14635,101933,1978,43.75,49765,40869,72,0.459016,0.952641,3,0.037614,0.050792,0.063204,TX,Houston,Texas
77249,434.875,530,11.78,2,54.2,32,59.46,139,1,90612,1952,52.65,51588,42500,90,0.717668,0.956284,4,0.044776,0.050943,0.067824,TX,Houston,Texas
77301,310.7095,428.5135,29.99,31522,52.14,30,62.2,131,9472,91125,1981,47.49,50599,41237,70,0.247723,0.373406,3,0.031991,0.041188,0.052153,TX,Conroe,Texas
77302,678.3611,449.1667,28.16056,20976,49.73,36,84.47,75,6982,126157,1990,79.8,78334,65868,93,0.969035,0.644809,4,0.069846,0.043174,0.082112,TX,Conroe,Texas
77303,406.1389,446.1111,34.84889,16990,49.11,34,81.01,93,5771,100286,1987,71.27,64215,55808,90,0.619308,0.615665,4,0.041817,0.04288,0.059894,TX,Conroe,Texas
77304,466.8485,426.7121,33.20402,22757,47.93,39,83,104,9535,188209,1992,56,84512,68592,115,0.779599,0.344262,3,0.048068,0.041015,0.063188,TX,Conroe,Texas
77306,257,385,29.96,10184,50.25,33,83.11,106,3268,74896,1988,75.14,69638,45357,82,0.154827,0.091075,1,0.026461,0.037006,0.045493,TX,Conroe,Texas
77316,255.3274,418.8571,29.17452,16317,49.69,39,90.19,87,5856,164466,1991,83.26,81985,73155,105,0.151184,0.242259,2,0.026289,0.04026,0.048083,TX,Montgomery,Texas
77318,191.5556,451.6667,36.21556,15185,48.85,43,88.78,66,5975,161255,1993,79.01,86941,74859,115,0.058288,0.677596,2,0.019723,0.043414,0.047684,TX,Willis,Texas
77328,146,485,11.95,18347,50.75,35,79.85,104,5983,75047,1984,79.41,62018,47660,83,0.028233,0.854281,2,0.015033,0.046618,0.048982,TX,Cleveland,Texas
77336,568,485,24.56,12463,49.59,37,89.12,87,4230,163207,1988,82.26,95649,79183,101,0.916211,0.854281,5,0.058483,0.046618,0.074789,TX,Huffman,Texas
77338,363.625,500.5,21.355,35867,47.91,31,44.67,63,12304,108016,1991,56.41,61808,54362,82,0.422587,0.908925,3,0.03744,0.048108,0.06096,TX,Humble,Texas
77339,287.2339,443.2041,23.80014,37273,47.91,39,85.54,103,14803,164776,1987,68.52,101581,84289,118,0.198543,0.591985,2,0.029574,0.0426,0.05186,TX,Humble,Texas
77345,349.4561,465.4847,25.63788,23093,48.45,43,89.89,57,8292,252009,1990,84.58,166382,135509,124,0.371585,0.766849,3,0.035981,0.044742,0.057415,TX,Humble,Texas
77346,337.4363,453.079,22.66716,53887,48.73,34,70.5,22,17964,161369,1995,83.21,108200,95730,103,0.333333,0.695811,3,0.034743,0.04355,0.055711,TX,Humble,Texas
77354,358.3007,432.8479,25.17129,37703,49.46,36,86.58,33,12130,240176,1997,86.18,112461,100040,103,0.40255,0.433515,3,0.036892,0.041605,0.055605,TX,Magnolia,Texas
77355,505.2778,437.5556,25.2,25067,49.61,38,89.11,50,8339,176631,1995,82.58,97324,72328,99,0.854281,0.493625,3,0.052025,0.042058,0.066898,TX,Magnolia,Texas
77356,326.6667,499,39.26333,25274,49.13,46,92.02,68,10235,239319,1993,83.65,99069,85280,122,0.289617,0.907104,3,0.033634,0.047964,0.058581,TX,Montgomery,Texas
77357,324.125,468.75,18.0225,22107,49.34,35,85.35,87,7308,121098,1986,77.59,74479,63726,92,0.28051,0.786885,3,0.033373,0.045056,0.056069,TX,New Caney,Texas
77358,182.5,356,19.705,6444,49.8,42,81.97,134,2488,122227,1985,80.59,72395,58106,101,0.050091,0.032787,1,0.018791,0.034218,0.039038,TX,New Waverly,Texas
77359,407.125,459.5,38.2825,1081,48.87,48,80.18,156,474,88604,1980,80.62,62500,43433,110,0.626594,0.73224,4,0.041919,0.044167,0.060892,TX,Oakhurst,Texas
77362,471.05,443.6,22.202,4872,49.64,37,83.73,55,1650,148707,1991,81.99,73240,60634,95,0.785064,0.595628,4,0.0485,0.042639,0.064578,TX,Pinehurst,Texas
77365,333.0955,434.9643,23.56346,30170,49.56,33,79.43,76,10241,135990,1997,68.17,75927,65557,95,0.309654,0.448087,3,0.034296,0.041808,0.054076,TX,Porter,Texas
77373,289.7143,452.5629,16.28866,56663,48.09,32,61.79,41,18943,121564,1988,72.92,81104,71542,93,0.204007,0.690346,3,0.02983,0.0435,0.052745,TX,Spring,Texas
77375,404.1471,437.2331,15.2668,39505,47.75,34,73.3,50,13537,162809,1996,71.58,86871,75129,99,0.606557,0.486339,3,0.041612,0.042027,0.059142,TX,Tomball,Texas
77376,281.5,540,21.265,197,50,40,96.46,120,70,106579,1963,89.3,76531,73929,100,0.187614,0.969035,2,0.028984,0.051904,0.059449,TX,Votaw,Texas
77377,431.2482,446.5012,12.25913,26181,49.19,36,79.89,39,9059,205383,1996,81.95,109653,97972,111,0.70674,0.621129,4,0.044402,0.042917,0.061753,TX,Tomball,Texas
77378,255.5,507.5,15.455,15757,49.66,33,75.16,97,5165,85784,1991,74.32,63806,50832,85,0.153005,0.928962,2,0.026307,0.048781,0.055422,TX,Willis,Texas
77379,368.463,452.3978,12.27499,73403,48.9,37,73.64,41,25001,206585,1991,80.92,120339,108376,110,0.466302,0.684882,3,0.037938,0.043484,0.057707,TX,Spring,Texas
77380,317.3898,440.9955,19.48877,24666,48.73,38,83.1,91,10817,194513,1987,45.36,97494,76235,123,0.258652,0.559199,3,0.032679,0.042388,0.053523,TX,Spring,Texas
77381,370.12,437.323,21.83084,35354,47.73,44,89.94,44,13561,261260,1990,76.87,146611,113696,123,0.473588,0.48816,3,0.038108,0.042035,0.056738,TX,Spring,Texas
77382,378.7875,453.4723,23.82306,28753,48.84,37,88.57,21,9706,356638,2000,79.15,160757,141691,117,0.513661,0.699454,4,0.039001,0.043587,0.058489,TX,Spring,Texas
77384,353.3797,432.1274,25.99934,15597,48.03,44,87.88,93,6914,208130,2000,63.65,99292,87065,134,0.386157,0.418944,3,0.036385,0.041536,0.055218,TX,Conroe,Texas
77385,329.1524,436.7275,24.13513,20560,49.42,35,82.86,52,6888,152673,1996,83.15,94146,77956,102,0.298725,0.480874,3,0.03389,0.041978,0.053951,TX,Conroe,Texas
77386,349.3258,435.88,20.09356,38257,48.98,32,78.97,21,12739,192972,1996,79.18,101014,89612,103,0.369763,0.464481,3,0.035967,0.041896,0.055217,TX,Spring,Texas
77388,346.4732,450.044,14.16364,42634,48.51,37,73.03,31,14420,162296,1990,86.38,101850,91739,107,0.357013,0.655738,3,0.035674,0.043258,0.05607,TX,Spring,Texas
77389,418.3135,440.8428,17.70137,22084,48.68,36,80.73,38,7290,187166,1995,89.23,106783,98462,106,0.661202,0.557377,4,0.043071,0.042374,0.06042,TX,Spring,Texas
77396,441.1649,438.1389,17.19069,44942,50.84,29,47.33,69,13452,127206,1992,67.88,74311,64359,76,0.739526,0.506375,4,0.045423,0.042114,0.061942,TX,Humble,Texas
77401,459,449.5,27.15,18190,47.97,41,77.84,35,6766,498906,1982,79.9,201754,149307,128,0.765027,0.648452,4,0.04726,0.043206,0.064033,TX,Bellaire,Texas
77406,378.3148,442.7801,20.26403,36326,52.34,37,74.65,43,11750,235442,1995,86.6,125183,116726,106,0.51184,0.584699,4,0.038952,0.04256,0.057694,TX,Richmond,Texas
77407,395.8695,428.6135,16.95995,31072,47.7,30,37.94,45,9778,168860,2003,84.35,83693,78389,92,0.588342,0.375228,3,0.04076,0.041198,0.057954,TX,Richmond,Texas
77417,502,439.5,25.14,1997,48.25,37,52.08,113,691,82886,1979,73.82,59665,47205,80,0.850638,0.531876,4,0.051687,0.042244,0.066754,TX,Beasley,Texas
77423,472.9113,426.6129,23.11613,11467,50.34,35,62.04,111,3696,144196,1991,73.67,71101,56263,82,0.799636,0.338798,3,0.048692,0.041006,0.063658,TX,Brookshire,Texas
77429,403.8808,450.8815,12.92523,74465,48.62,35,77.42,36,25145,211719,1995,83.19,116201,103942,109,0.601093,0.666667,4,0.041585,0.043338,0.060062,TX,Cypress,Texas
77433,398.1884,440.1685,14.14671,54887,48.84,30,64.68,18,16521,182252,2002,86.98,101791,94625,95,0.591985,0.540984,4,0.040998,0.042309,0.058914,TX,Cypress,Texas
77435,365,471,44.1,5184,49.52,40,78.28,132,1901,124281,1975,74.54,82162,58802,96,0.443534,0.796903,3,0.037581,0.045272,0.058838,TX,East Bernard,Texas
77441,418.4895,430.7579,22.06316,4483,49.1,41,81.25,81,1561,340129,2000,92.6,118710,115500,113,0.664845,0.40255,3,0.043089,0.041404,0.059757,TX,Fulshear,Texas
77447,338.6552,472.3793,19.21931,13589,49.87,35,74.8,74,4420,144050,1991,83.75,91923,70992,93,0.336976,0.806922,3,0.034869,0.045405,0.057249,TX,Hockley,Texas
77449,353.7872,458.975,12.79505,96311,48.24,29,54.43,37,28179,126007,1998,78.06,75979,65981,81,0.387978,0.726776,3,0.036427,0.044116,0.057212,TX,Katy,Texas
77450,349.6086,449.1294,15.1546,68500,48.68,37,73.82,38,23423,205731,1992,73.44,114599,101506,110,0.375228,0.642987,3,0.035997,0.04317,0.056209,TX,Katy,Texas
77459,345.6023,444.2791,23.65259,55323,47.71,37,42.54,15,18045,205206,1992,89.07,114477,102007,102,0.35337,0.602914,3,0.035584,0.042704,0.055586,TX,Missouri City,Texas
77463,282,535,15.63,3,50.17,45,68.69,97,1,74615,1982,85.59,80276,58611,90,0.191257,0.962659,2,0.029035,0.051424,0.059055,TX,Old Ocean,Texas
77469,384.9668,439.7712,25.2578,39159,49.85,33,55.65,51,12328,172908,1993,71.71,86971,75250,88,0.533698,0.533698,4,0.039637,0.042271,0.057947,TX,Richmond,Texas
77471,555.0533,441.4754,27.57033,36730,48.72,32,62.27,92,12091,103711,1981,57.33,63464,53224,82,0.899818,0.570128,4,0.05715,0.042434,0.071181,TX,Rosenberg,Texas
77474,146,449,18.1,13601,50.03,39,75.61,124,4941,141860,1978,72.58,80141,62549,97,0.028233,0.641166,2,0.015033,0.043158,0.045701,TX,Sealy,Texas
77476,547.5,489,30.81,12,49.24,45,88.57,77,4,235436,1981,89.33,106860,108670,115,0.887067,0.880692,5,0.056372,0.047002,0.073396,TX,Simonton,Texas
77477,445.3882,443.7632,14.99316,35269,47.53,33,34.76,70,12838,146557,1989,45.18,72704,58892,94,0.741348,0.59745,4,0.045858,0.042654,0.062629,TX,Stafford,Texas
77478,447.9531,440.4643,15.80536,26779,48.96,43,49.23,30,9759,246088,1988,74.58,114302,98966,118,0.750455,0.550091,4,0.046122,0.042337,0.062608,TX,Sugar Land,Texas
77479,395.4231,442.0799,21.299,74416,48.81,39,48.05,20,23875,282956,1994,84.91,136802,118298,113,0.582878,0.577413,4,0.040714,0.042492,0.058849,TX,Sugar Land,Texas
77485,218,485,21.84,4806,49.94,44,78.8,91,1794,225252,1978,82.72,90286,86029,108,0.081967,0.854281,2,0.022446,0.046618,0.05174,TX,Wallis,Texas
77489,273.1667,432.6667,17.64833,36916,45.29,35,13.4,47,12058,114901,1983,74.75,76607,67520,74,0.182149,0.428962,2,0.028126,0.041588,0.050206,TX,Missouri City,Texas
77493,357.6109,450.9671,16.71538,25176,49.12,33,73.21,39,7983,147751,1991,81.99,87275,78601,95,0.400729,0.668488,3,0.03682,0.043347,0.056874,TX,Katy,Texas
77494,405.4439,431.9954,19.45207,67034,48.88,33,71.05,45,20974,258145,2002,84.74,121833,117753,107,0.615665,0.417122,3,0.041745,0.041523,0.05888,TX,Katy,Texas
77498,401.0587,439.4746,16.50998,55569,49.37,34,37.94,40,16650,165229,1993,76.6,92021,74250,90,0.59745,0.530055,4,0.041294,0.042242,0.059073,TX,Sugar Land,Texas
77503,371.1667,497.1667,24.98667,25360,48.68,30,76.43,94,8334,94135,1968,54.69,56456,48982,83,0.484517,0.903461,3,0.038216,0.047787,0.061189,TX,Pasadena,Texas
77505,375.3095,460.7944,27.57556,23392,48.66,36,78.07,46,8108,156975,1987,71.43,98884,85427,106,0.499089,0.741348,3,0.038643,0.044291,0.058779,TX,Pasadena,Texas
77507,456.25,376,9.405,1821,50.95,39,74.73,48,644,179272,1975,77.13,111859,99649,108,0.756831,0.083789,3,0.046977,0.036141,0.05927,TX,Pasadena,Texas
77511,464.9079,452.4737,32.18,47168,49.18,35,79.57,61,16404,126766,1981,70.26,74700,62358,95,0.777778,0.688525,4,0.047868,0.043491,0.064675,TX,Alvin,Texas
77517,434.5,485,29.6,6762,50.99,40,92.39,72,2425,168992,1988,88.78,101283,82827,109,0.715847,0.854281,4,0.044737,0.046618,0.064611,TX,Santa Fe,Texas
77518,471.3286,476.0286,40.82371,7428,51.85,34,76.43,111,2588,83971,1976,67.14,57455,48448,89,0.788707,0.819672,4,0.048529,0.045756,0.066698,TX,Bacliff,Texas
77521,365,485,35.82,51065,47.91,33,60.04,91,17764,120575,1986,62.78,72990,61563,90,0.443534,0.854281,3,0.037581,0.046618,0.05988,TX,Baytown,Texas
77523,146,485,41.18,15514,50.23,32,80.48,73,5081,166786,1996,87.75,97481,84981,101,0.028233,0.854281,2,0.015033,0.046618,0.048982,TX,Baytown,Texas
77532,365,595,26.09,25115,49.06,36,77.37,101,8751,122334,1986,80.94,79002,70087,98,0.443534,0.989982,3,0.037581,0.057191,0.068434,TX,Crosby,Texas
77533,73,489,34.96,246,48.68,37,92.73,112,90,71653,1970,74.55,58927,49310,94,0.008197,0.880692,2,0.007516,0.047002,0.0476,TX,Daisetta,Texas
77534,564.8333,525,25.32667,1941,51.15,36,83.4,95,641,144340,1982,85.99,85708,70465,96,0.910747,0.946266,5,0.058157,0.050463,0.076998,TX,Danbury,Texas
77536,397.6702,467.2899,27.43437,31542,48.63,36,85.83,7,10973,134109,1979,76.83,89219,81976,105,0.590164,0.779599,4,0.040945,0.044916,0.060778,TX,Deer Park,Texas
77539,364.4079,466.7593,38.33107,42469,50.02,35,70.11,97,15233,127391,1987,74.05,78707,63655,97,0.424408,0.775956,3,0.03752,0.044865,0.058486,TX,Dickinson,Texas
77545,420.1818,472.6364,22.44727,19160,46.95,29,20.02,35,5652,143279,1997,82,82120,74113,73,0.672131,0.808743,4,0.043263,0.045429,0.062734,TX,Fresno,Texas
77546,370.8423,452.894,30.77799,49321,48.62,38,80.33,27,17222,197382,1987,80.88,114756,101305,112,0.477231,0.692168,3,0.038183,0.043532,0.057905,TX,Friendswood,Texas
77562,365,529,29.78,11557,49.01,36,67.76,103,4085,95679,1977,75,66367,58011,91,0.443534,0.954463,3,0.037581,0.050847,0.063228,TX,Highlands,Texas
77563,458.8333,469,36.56667,9322,49.77,41,68.48,147,3717,121251,1979,76.69,71087,57884,101,0.763206,0.789617,4,0.047243,0.04508,0.0653,TX,Hitchcock,Texas
77564,219,372,30.67,2993,48.99,39,92.9,100,1122,79864,1978,82.55,61786,50401,98,0.093807,0.078324,1,0.022549,0.035756,0.042273,TX,Hull,Texas
77565,420.525,498,36.601,7306,49.6,42,87.34,47,3127,190377,1988,65.85,102235,80872,126,0.673953,0.905282,4,0.043298,0.047867,0.064545,TX,Kemah,Texas
77568,447.6,490.6,41.286,15364,49.12,40,55.89,102,5914,112348,1968,74.79,70782,55947,92,0.748634,0.887067,4,0.046086,0.047156,0.065936,TX,La Marque,Texas
77571,377.5761,466.6391,30.03107,35497,49.11,35,80.38,36,12345,121682,1980,78.71,84837,76060,102,0.508197,0.774135,4,0.038876,0.044853,0.059356,TX,La Porte,Texas
77573,367.1143,459.5292,35.81286,72754,49.62,35,80.25,11,25862,196408,1995,78.11,111241,92014,112,0.462659,0.734062,3,0.037799,0.04417,0.058135,TX,League City,Texas
77578,337.2823,435.1194,24.39677,18584,48.9,34,59.65,43,6149,177290,1997,84.82,103171,83147,98,0.331512,0.449909,3,0.034727,0.041823,0.054362,TX,Manvel,Texas
77581,370.8577,448.2853,25.96731,45572,48.09,35,70.23,29,15525,164643,1990,79.62,97981,83079,102,0.479053,0.635701,3,0.038184,0.043089,0.057573,TX,Pearland,Texas
77583,331.0455,440.3409,25.94,28882,54.92,33,51.9,55,7794,184877,1998,88.25,98603,86665,80,0.306011,0.546448,3,0.034085,0.042325,0.054344,TX,Rosharon,Texas
77584,351.8518,444.746,23.08794,67874,47.97,34,52.41,14,22961,195461,1998,79.43,118777,97073,104,0.380692,0.606557,3,0.036228,0.042749,0.056035,TX,Pearland,Texas
77585,547.5,409,25.7,1642,49.47,37,97.18,89,621,79579,1982,83.92,60574,45826,99,0.887067,0.154827,3,0.056372,0.039313,0.068726,TX,Saratoga,Texas
77586,496.2129,469.1659,35.13284,21695,50.13,40,85.47,77,8624,187315,1982,69.14,105235,89230,121,0.84153,0.79235,4,0.051091,0.045096,0.068147,TX,Seabrook,Texas
77587,395.5,421,22.95,17108,50.03,29,65.55,63,4812,79362,1968,57.71,55654,40568,70,0.58561,0.270492,3,0.040722,0.040466,0.057409,TX,South Houston,Texas
77590,365,505,48.97,29944,49.27,36,65.66,121,10843,99925,1968,63.99,65831,49863,88,0.443534,0.920765,3,0.037581,0.04854,0.061388,TX,Texas City,Texas
77591,349,535,43.015,10896,47.72,39,33.72,139,4204,97832,1977,61.94,63107,47962,82,0.367942,0.962659,3,0.035934,0.051424,0.062735,TX,Texas City,Texas
77598,434.061,468.0488,31.64171,25763,49.14,31,61.78,90,11604,159896,1986,25.38,66358,56038,111,0.714026,0.783242,4,0.044692,0.044989,0.063414,TX,Webster,Texas
77835,247,535,25.21,2537,48.35,48,85.77,172,1078,145982,1977,83.93,77543,50509,110,0.13388,0.962659,2,0.025432,0.051424,0.057369,TX,Burton,Texas
77853,365,485,25.37,748,49.81,47,64.53,162,321,103215,1983,87.05,58681,35376,96,0.443534,0.854281,3,0.037581,0.046618,0.05988,TX,Dime Box,Texas
77994,301.125,348,10.885,317,51.2,48,84.79,171,137,77399,1969,83.76,71750,54383,116,0.234973,0.020036,3,0.031005,0.03345,0.045609,TX,Westhoff,Texas
78252,778,501,7.15,7544,62.49,30,73.92,72,1708,99507,1998,79.51,51992,43207,58,0.978142,0.911658,5,0.080105,0.048156,0.093465,TX,San Antonio,Texas
78666,219,505,20.08,66409,49.74,29,80.79,94,24273,137634,1985,41.97,54151,40888,84,0.093807,0.920765,2,0.022549,0.04854,0.053522,TX,San Marcos,Texas
78734,233,316,19.72,18577,49.65,44,89.29,30,7600,328080,1989,79.51,111536,91964,127,0.116576,0.014572,1,0.02399,0.030374,0.038705,TX,Austin,Texas
84003,436.8744,415.4653,13.02094,44443,50.78,25,93.38,13,11560,299797,1987,80.51,92565,81992,80,0.726776,0.211293,3,0.044982,0.039934,0.060151,UT,American Fork,Utah
84004,394.7298,428.0645,11.29714,9887,50.98,26,95.16,5,2465,518975,1991,83.12,155597,120295,84,0.575592,0.362477,3,0.040642,0.041145,0.057834,UT,Alpine,Utah
84005,387.176,427.926,16.27594,21980,51.07,20,91.28,1,5207,219787,2002,86.05,76523,70285,72,0.544627,0.358834,3,0.039865,0.041132,0.05728,UT,Eagle Mountain,Utah
84006,253,475,14.84,187,49.63,31,89.48,76,62,205240,1946,75.28,61930,56833,91,0.145719,0.816029,2,0.026049,0.045657,0.052565,UT,Bingham Canyon,Utah
84009,321.5824,414.851,4.952392,21806,49.61,26,89.51,17,5857,309602,1999,88.16,97956,92635,89,0.271403,0.209472,3,0.033111,0.039875,0.05183,UT,South Jordan,Utah
84010,295.2943,420.2594,20.7085,46520,48.68,34,91.47,20,15864,283281,1972,70.66,92527,77903,100,0.220401,0.251366,3,0.030404,0.040395,0.050559,UT,Bountiful,Utah
84013,898,421,19.83,971,53.01,26,92.31,15,263,206123,1992,89.04,83268,83887,86,0.983607,0.270492,3,0.09246,0.040466,0.100928,UT,Cedar Valley,Utah
84014,327.4854,414.1036,24.23608,14946,48.41,33,94.19,8,4805,265816,1984,84.3,97882,86549,100,0.291439,0.202186,3,0.033719,0.039803,0.052166,UT,Centerville,Utah
84015,323.9563,413.0246,38.37149,59783,50.29,27,84.68,29,17960,181819,1985,75.53,70040,63572,85,0.278689,0.183971,3,0.033355,0.0397,0.051852,UT,Clearfield,Utah
84018,239,469,7.11,1197,48.72,26,97.36,78,332,283103,1985,86.49,83242,78838,85,0.127505,0.789617,2,0.024608,0.04508,0.051359,UT,Croydon,Utah
84020,376.7503,437.611,5.641222,44481,53.21,29,90.32,14,12075,393931,1998,77.84,112467,97717,88,0.504554,0.495446,3,0.038791,0.042063,0.057219,UT,Draper,Utah
84025,348.1149,411.4402,27.81788,14618,50.36,29,94.97,6,4123,321155,1986,85.98,113001,90480,90,0.362477,0.173042,3,0.035843,0.039547,0.053373,UT,Farmington,Utah
84029,549.3636,424.8182,27.22364,9232,50.03,29,94.56,73,2847,189306,1982,74.99,74300,64355,88,0.894353,0.32969,3,0.056564,0.040833,0.069763,UT,Grantsville,Utah
84037,342.2769,413.3902,31.1725,34407,49.88,26,95.06,8,9510,285124,1986,85.46,104139,91550,89,0.347905,0.191257,3,0.035242,0.039735,0.053111,UT,Kaysville,Utah
84040,385.9769,420.6869,34.88536,21594,49.49,34,91.02,24,6660,263782,1986,85.27,108684,92009,99,0.539162,0.264117,3,0.039741,0.040436,0.056696,UT,Layton,Utah
84041,336.4973,412.0902,33.59966,47660,49.6,27,83.35,41,15461,190456,1987,65.13,69525,58770,88,0.327869,0.178506,3,0.034647,0.03961,0.052624,UT,Layton,Utah
84042,439.3803,415.9359,19.32829,11736,50.98,26,91.42,6,2946,348940,1992,83.95,100984,87760,80,0.734062,0.218579,3,0.04524,0.039979,0.060374,UT,Lindon,Utah
84043,404.4557,418.9792,12.31667,50904,50.65,24,92.19,11,13264,271950,1996,79.48,84737,77533,80,0.608379,0.24408,3,0.041644,0.040272,0.057931,UT,Lehi,Utah
84044,610.3393,441.4048,12.54262,25109,50.19,27,78.34,32,7142,169383,1976,80.54,69284,62422,81,0.948998,0.568306,4,0.062842,0.042428,0.075824,UT,Magna,Utah
84045,405.7519,413.4879,16.70579,14856,51.14,22,91.94,5,3687,268328,2002,84.44,86882,77741,78,0.617486,0.196721,3,0.041777,0.039744,0.057662,UT,Saratoga Springs,Utah
84047,475.5096,442.8846,4.998077,29940,48.89,31,78.97,72,11687,208607,1977,48.07,61561,53020,100,0.808743,0.586521,4,0.04896,0.04257,0.064879,UT,Midvale,Utah
84054,281.7321,427.602,18.15755,14007,49.68,29,84.86,50,4566,300263,1992,73.72,98692,78130,97,0.189435,0.355191,2,0.029008,0.041101,0.050306,UT,North Salt Lake,Utah
84057,477.3987,422.3966,20.49681,37399,50.51,27,79.65,17,11042,204028,1981,61.29,67277,56739,80,0.816029,0.29326,3,0.049154,0.0406,0.063754,UT,Orem,Utah
84058,416.4297,400.2188,21.97961,31722,50.61,26,83.87,22,9364,227566,1983,52.42,74352,57394,80,0.653916,0.116576,3,0.042877,0.038469,0.057604,UT,Orem,Utah
84061,262,565,25.41,1373,50.56,35,94.18,92,464,317837,1980,77.71,84300,85178,102,0.164845,0.980874,2,0.026976,0.054307,0.060638,UT,Peoa,Utah
84062,432.4575,404.7767,16.38487,43227,50.47,24,91.86,10,11722,282331,1992,73.06,94571,77662,82,0.710383,0.127505,3,0.044527,0.038907,0.05913,UT,Pleasant Grove,Utah
84065,385.0735,420.7962,5.279709,36300,49.87,27,94.22,20,9723,305534,1993,86.42,98478,90046,86,0.535519,0.265938,3,0.039648,0.040447,0.056638,UT,Riverton,Utah
84067,328.8541,427.53,41.28659,36963,49.6,30,85.91,12,12257,160582,1981,78.29,72765,62653,93,0.295082,0.35337,3,0.03386,0.041094,0.053246,UT,Roy,Utah
84069,246.75,362.5,6.0475,1242,51.43,30,95.51,82,372,200574,1989,84.09,79073,72377,90,0.131148,0.067395,1,0.025406,0.034843,0.043122,UT,Rush Valley,Utah
84070,377.338,407.8426,1.940741,26636,48.95,32,84.78,45,9510,219624,1980,60.4,66994,59044,97,0.506375,0.153005,3,0.038852,0.039202,0.055192,UT,Sandy,Utah
84074,285.5233,410.6535,20.80921,48714,50.3,28,90.75,67,14802,206001,1986,77.4,78694,69400,89,0.1949,0.162113,1,0.029398,0.039472,0.049217,UT,Tooele,Utah
84075,295.7085,407.8342,35.96461,19015,50.3,25,91.39,15,5034,258122,1996,89.76,92956,87375,86,0.224044,0.151184,3,0.030447,0.039201,0.049636,UT,Syracuse,Utah
84081,309.5833,427.0354,6.694058,39756,49.74,24,82.73,12,10281,252361,1996,83.6,86932,79586,81,0.24408,0.347905,3,0.031875,0.041046,0.05197,UT,West Jordan,Utah
84082,988,286,5.68,934,52.46,35,96.59,111,312,276831,1980,81.42,68180,52680,89,1,0.010929,3,0.101727,0.02749,0.105376,UT,Wallsburg,Utah
84084,368.2759,428.1503,3.795078,29927,48.97,30,81.87,29,9281,223868,1986,73.06,75209,66918,89,0.464481,0.364299,3,0.037919,0.041154,0.055959,UT,West Jordan,Utah
84087,332.9063,417.875,21.50869,16334,50.09,28,91.89,31,4793,248515,1991,88.05,83966,76787,91,0.307832,0.234973,3,0.034277,0.040166,0.052803,UT,Woods Cross,Utah
84088,380.8033,424.7825,3.383363,35837,49.57,28,83.01,21,10642,240215,1988,72.43,79921,71769,88,0.519126,0.327869,3,0.039208,0.04083,0.056607,UT,West Jordan,Utah
84092,360.7635,426.8924,4.398655,32761,50.28,37,92.76,24,9987,415270,1982,88.43,133169,113858,103,0.413479,0.346084,3,0.037145,0.041033,0.055348,UT,Sandy,Utah
84093,409.6467,433.5683,4.226827,23438,49.61,39,92.46,24,7556,347200,1977,88.68,131447,105314,106,0.637523,0.437158,3,0.042178,0.041674,0.059294,UT,Sandy,Utah
84094,372.9838,424.1176,3.163324,28175,49.44,32,89.67,25,9142,252163,1977,76.42,82590,72665,96,0.48816,0.31694,3,0.038403,0.040766,0.056006,UT,Sandy,Utah
84095,394.895,420.3993,2.695731,29903,49.63,33,92.57,21,8757,388507,1995,82.01,114356,103892,96,0.577413,0.256831,3,0.040659,0.040408,0.057324,UT,South Jordan,Utah
84096,385.8108,421.2593,8.253989,35683,49.81,23,92.92,14,9340,306547,2000,83.54,90656,82811,84,0.537341,0.275046,3,0.039724,0.040491,0.056723,UT,Herriman,Utah
84097,430.4192,419.0538,21.88177,22752,49.95,29,88.27,11,6438,272186,1977,75.23,89450,69738,82,0.704918,0.247723,3,0.044317,0.040279,0.059887,UT,Orem,Utah
84101,211.25,417.75,13.82,5594,60.59,35,74.17,171,2804,231433,1985,19.12,48219,34667,110,0.076503,0.233151,2,0.021751,0.040154,0.045666,UT,Salt Lake City,Utah
84102,300.4643,430.1429,11.77571,17792,53.5,30,81.37,176,9126,266088,1949,22.9,52256,36530,115,0.23133,0.391621,3,0.030937,0.041345,0.051638,UT,Salt Lake City,Utah
84103,251.3333,466.3333,13.72,22174,49.4,36,87.92,136,10693,439039,1949,41.29,88851,65334,125,0.143898,0.770492,2,0.025878,0.044824,0.051757,UT,Salt Lake City,Utah
84104,473.8333,398.3333,10.15,26517,52.12,27,53.48,93,7669,148278,1965,53.01,54066,46294,72,0.801457,0.114754,3,0.048787,0.038288,0.062017,UT,Salt Lake City,Utah
84105,261.9,471.5,16.531,23711,48.93,33,89.42,128,10144,327485,1942,56.85,81528,66387,118,0.162113,0.8051,2,0.026966,0.04532,0.052736,UT,Salt Lake City,Utah
84106,391.9662,449.3514,8.8,33530,48.25,33,86.34,95,13817,274362,1957,58.96,71880,59099,110,0.570128,0.64663,4,0.040358,0.043191,0.059112,UT,Salt Lake City,Utah
84107,403.8967,430.7319,4.633188,32061,48.04,34,83.41,72,13370,223188,1971,47.89,62637,51723,106,0.602914,0.400729,3,0.041586,0.041402,0.058681,UT,Salt Lake City,Utah
84108,352.125,406.625,11.11625,19850,48.78,37,88.86,86,7568,420596,1958,69.04,116208,83789,114,0.382514,0.143898,3,0.036256,0.039085,0.053311,UT,Salt Lake City,Utah
84109,370.9933,459.1208,9.411611,24413,48.22,36,91.9,61,8915,344133,1961,74.5,94075,77693,108,0.480874,0.728597,3,0.038198,0.04413,0.058366,UT,Salt Lake City,Utah
84111,432,380.5,9.895,8655,52.58,34,73.1,171,4549,207607,1955,22.3,38851,29429,110,0.708561,0.087432,3,0.04448,0.036573,0.057585,UT,Salt Lake City,Utah
84112,959,288,5.15,1833,52.26,22,67.66,91,347,238569,1997,1.72,25823,13182,35,0.996357,0.01275,3,0.098741,0.027682,0.102548,UT,Salt Lake City,Utah
84115,287.0833,386.6667,9.15,26033,51.7,31,68.35,146,10638,173002,1961,35.88,43355,35641,92,0.196721,0.094718,1,0.029559,0.037166,0.047487,UT,Salt Lake City,Utah
84116,362.6438,441.7123,15.06082,35731,51.6,28,56.98,91,10765,168282,1967,55.76,53056,45886,75,0.418944,0.571949,3,0.037339,0.042457,0.05654,UT,Salt Lake City,Utah
84117,365.9556,442.6074,6.953037,25140,47.11,39,89.81,57,10419,316135,1971,62.19,84954,61653,113,0.460838,0.582878,3,0.03768,0.042543,0.05683,UT,Salt Lake City,Utah
84118,283.9445,422.8562,7.362093,42870,50.33,27,71.09,24,11623,175027,1978,81.3,68484,60869,77,0.193078,0.298725,2,0.029236,0.040645,0.050067,UT,Salt Lake City,Utah
84119,586.0897,439,7.953846,51686,51.91,29,64.26,88,16142,156341,1977,52.73,55280,47042,79,0.932605,0.520947,4,0.060345,0.042196,0.073635,UT,Salt Lake City,Utah
84120,561.4007,424.0822,8.819863,47603,49.92,29,66.07,54,13035,189372,1976,73.46,71563,61399,77,0.908925,0.315118,3,0.057803,0.040762,0.07073,UT,Salt Lake City,Utah
84121,339.0416,435.5577,5.31054,43386,48.93,39,91.28,42,16318,338392,1975,73.38,102351,85090,113,0.340619,0.460838,3,0.034909,0.041866,0.05451,UT,Salt Lake City,Utah
84123,491.0488,428.626,4.578943,37599,48.59,33,80.07,53,13752,207578,1981,60.29,68841,57932,98,0.837887,0.377049,3,0.05056,0.041199,0.06522,UT,Salt Lake City,Utah
84124,379.2135,452.3646,8.506927,21188,47.86,38,90.6,54,7977,343891,1964,70.23,97026,80246,111,0.517304,0.68306,4,0.039045,0.043481,0.058439,UT,Salt Lake City,Utah
84128,567.3646,449.7917,10.09313,27274,50.09,27,70.81,45,7072,202388,1988,84.03,77862,69366,77,0.912568,0.652095,4,0.058417,0.043234,0.072675,UT,Salt Lake City,Utah
84129,348.3424,433.868,5.272904,39209,49.53,32,78.67,28,12085,207842,1980,75.96,74724,67269,89,0.36612,0.440801,3,0.035866,0.041703,0.055005,UT,Salt Lake City,Utah
84315,347.7821,401,41.96026,11135,50.33,29,93.57,28,3143,261311,1995,93.45,88164,84257,90,0.360656,0.118397,3,0.035808,0.038544,0.052611,UT,Hooper,Utah
84401,388.7123,425.2642,43.36708,37158,51.62,29,75.82,110,12969,185441,1965,52.18,58531,48095,88,0.557377,0.331512,3,0.040023,0.040876,0.057207,UT,Ogden,Utah
84403,377.9775,416.4127,40.73122,36646,49.54,32,80.53,104,12985,210575,1966,63.79,76486,63961,96,0.510018,0.222222,3,0.038917,0.040025,0.055826,UT,Ogden,Utah
84404,323.1434,421.2832,48.42294,57096,50.05,30,82.55,93,19233,163696,1981,71.31,64907,57878,90,0.273224,0.276867,3,0.033272,0.040493,0.052409,UT,Ogden,Utah
84405,392.506,417.0719,39.32317,33223,49.73,31,87.67,52,11465,190140,1980,68.88,74030,64778,96,0.571949,0.225865,3,0.040413,0.040089,0.056924,UT,Ogden,Utah
84414,346.5723,410.707,50.87578,26260,49.82,34,93.69,8,8369,224594,1988,88,93546,80769,98,0.358834,0.165756,3,0.035684,0.039477,0.053214,UT,Ogden,Utah
84601,349.5351,411.7561,25.88335,31739,50.61,26,76.23,43,9748,193436,1978,48.51,54117,47660,77,0.373406,0.176685,3,0.035989,0.039578,0.053494,UT,Provo,Utah
84602,359.5714,367.8571,16.56,3111,54.28,21,90.24,24,113,98900,1971,0.54,24996,21563,7,0.411658,0.074681,3,0.037022,0.035358,0.051194,UT,Provo,Utah
84604,429.4327,411.1971,25.00125,48073,50.25,27,87.76,50,12773,303548,1978,50.45,79093,59156,70,0.701275,0.17122,3,0.044215,0.039524,0.059306,UT,Provo,Utah
84606,424.7793,417.1061,28.26285,34155,48.87,24,84.21,64,10250,189881,1975,25.6,47169,37598,68,0.692168,0.227687,3,0.043736,0.040092,0.059332,UT,Provo,Utah
84651,287.8363,378.6283,40.16416,25006,50.97,26,90.89,23,6813,224949,1983,79.46,72517,64059,78,0.200364,0.08561,3,0.029636,0.036393,0.046934,UT,Payson,Utah
84653,257.9459,407.2838,39.07865,7559,50.93,27,95.62,15,2019,277891,1985,86.04,94866,84179,84,0.156648,0.147541,1,0.026559,0.039148,0.047307,UT,Salem,Utah
84655,262.6667,425.6111,42.62204,9806,52.05,24,87.96,7,2512,219935,1992,81.92,70746,63528,74,0.167577,0.333333,2,0.027045,0.040909,0.049041,UT,Santaquin,Utah
84660,390.5063,413.6067,35.98021,40296,51.23,24,90.67,11,10658,240879,1988,78.72,75930,68212,78,0.56102,0.198543,3,0.040207,0.039756,0.056543,UT,Spanish Fork,Utah
84663,417.0015,435.5408,33.29795,31556,50.44,27,89.21,24,9091,227070,1981,72.13,73687,61376,82,0.657559,0.457195,3,0.042935,0.041864,0.059967,UT,Springville,Utah
84664,423.4659,445.3807,35.18108,7997,50.76,26,94.01,12,2030,367074,1993,87.93,95719,74826,78,0.686703,0.6102,4,0.043601,0.04281,0.061104,UT,Mapleton,Utah
